lab_method_name,Lab_Type,lab_csv_header,lab_Modus_Item,Modus_Modus_Item,Element,lab_Extraction_Method,Modus_Extraction_Method,ExtractionMethod,lab_Measurement_Method,Modus_Measurement_Method,MeasurementMethod,lab_Unit_of_Measurement_Default,Modus_Unit_of_Measurement_Default,ValueUnit,UCUM_ValueUnit,lab_Unit_of_Measurement_Default_Alt,AlternativeUnits,Modus_Soil_Test_v1,Modus_Soil_Test_v2,notes,status,Lab,lab_name,example_test_result
Sprinkle Infiltrometer,,,,Aggregate Stability,Aggregate Stability,,Infiltration,Infiltration,,Single Ring Infiltration,Single Ring Infiltration,,,,,,,S-AS-SI-OT,,,,,,
Bioavailable nitrogen measured by ACE Protein method,,,,,,,,,,,,,,,,,,,,,,,,
PLFA,,,,,,,,,,,,,,,,,,,,,,,,
β-Glucosidase (BG),,,,,,,,,,,,,,,,,,,,,,,,
Enzyme Assay,,,,N-acetyl-β-D-glucosaminidase (NAG),N-acetyl-β-D-glucosaminidase (NAG),,Assay incubation,Assay incubation,,Spectrophotometric,Spectrophotometric,,,,,,,S-EA-EA-PN-S-OT,,,,,,
autoclaved citrate extractable protein,,,,Bioavailable nitrogen,Bioavailable nitrogen,,Bicinchoninic Acid Protein Assay,Bicinchoninic Acid Protein Assay,,Calculated,Calculated,,,,mg/g,,,S-SP-ACE-OT,,,,,,
Phospholipid fatty acid (PLFA),,,,Microbial Diversity,Microbial Diversity,,Buyer and Sasser 2012,Buyer and Sasser 2012,,Calculated,Calculated,,,,%,,,S-MD-BS-C-OT,,,,,,
Bulk Density,,,,,,,,,,,,,,,,,,,,,,,,
pH test,,,,,,,,,,,,,,,,,,,,,,,,
H2O extract - ammonium-nitrogen,,,,,,,,,,,,,,,,,,,,,,,,
Soil Nitrate (PSNT),,,,,,,,,,,,,,,,,,,,,Need more info from lab,"""A&L Great Lakes Laboratory - Fort Wayne, IN""","A&L Great Lakes Laboratory - Fort Wayne, IN",
Soil Ammonium,,,,,,,,,,,,,,,,,,,,,Need more info from lab,"""A&L Great Lakes Laboratory - Fort Wayne, IN""","A&L Great Lakes Laboratory - Fort Wayne, IN",
Soluble Salts,,,,,,,,,,,,,,,,,,,,,,"""A&L Great Lakes Laboratory - Fort Wayne, IN""","A&L Great Lakes Laboratory - Fort Wayne, IN",
Sodium,,,,,,,,,,,,,,,,,,,,,,"""A&L Great Lakes Laboratory - Fort Wayne, IN""","A&L Great Lakes Laboratory - Fort Wayne, IN",
Neutralization Potential,,,,,,,,,,,,,,,,,,,,,Need more info from lab,"""A&L Great Lakes Laboratory - Fort Wayne, IN""","A&L Great Lakes Laboratory - Fort Wayne, IN",
Pyritic Sulfur,,,,,,,,,,,,,,,,,,,,,Need more info from lab,"""A&L Great Lakes Laboratory - Fort Wayne, IN""","A&L Great Lakes Laboratory - Fort Wayne, IN",
Potential Acidity,,,,,,,,,,,,,,,,,,,,,Need more info from lab,"""A&L Great Lakes Laboratory - Fort Wayne, IN""","A&L Great Lakes Laboratory - Fort Wayne, IN",
Net Neutralization Potential,,,,,,,,,,,,,,,,,,,,,Need more info from lab,"""A&L Great Lakes Laboratory - Fort Wayne, IN""","A&L Great Lakes Laboratory - Fort Wayne, IN",
Saturated Paste Extract,,,,,,,,,,,,,,,,,,,,,Need more info from lab,"""A&L Great Lakes Laboratory - Fort Wayne, IN""","A&L Great Lakes Laboratory - Fort Wayne, IN",
Resistivity,,,,,,,,,,,,,,,,,,,,,Need more info from lab,"""A&L Great Lakes Laboratory - Fort Wayne, IN""","A&L Great Lakes Laboratory - Fort Wayne, IN",
Sulfate,,,,,,,,,,,,,,,,,,,,,Need more info from lab,"""A&L Great Lakes Laboratory - Fort Wayne, IN""","A&L Great Lakes Laboratory - Fort Wayne, IN",
Chloride,,,,,,,,,,,,,,,,,,,,,Need more info from lab,"""A&L Great Lakes Laboratory - Fort Wayne, IN""","A&L Great Lakes Laboratory - Fort Wayne, IN",
Sand Classification,,,,,,,,,,,,,,,,,,,,USDA Size Limits by Wet Sieving,Need more info from lab,"""A&L Great Lakes Laboratory - Fort Wayne, IN""","A&L Great Lakes Laboratory - Fort Wayne, IN",
%Sand,,,,Sand,Sand,,Sedimentation,Sedimentation,,Hydrometer Method,Hydrometer Method,,%,%,%,,,S-SAND-SED.10,L_MODV2_SOIL_SAND_003,,,"""A&L Great Lakes Laboratory - Fort Wayne, IN""","A&L Great Lakes Laboratory - Fort Wayne, IN",
%Silt,,,,Silt,Silt,,Sedimentation,Sedimentation,,Hydrometer Method,Hydrometer Method,,%,%,%,,,S-SILT-SED.10,L_MODV2_SOIL_SILT_003,,,"""A&L Great Lakes Laboratory - Fort Wayne, IN""","A&L Great Lakes Laboratory - Fort Wayne, IN",
%Clay,,,,Clay,Clay,,Sedimentation,Sedimentation,,Hydrometer Method,Hydrometer Method,,%,%,%,,,S-CLAY-SED.10,L_MODV2_SOIL_CLAY_003,,,"""A&L Great Lakes Laboratory - Fort Wayne, IN""","A&L Great Lakes Laboratory - Fort Wayne, IN",
Textural Classification,,,,,,,,,,,,,,,,,,,,Hydrometer Method,"Not in MODUS,Need more info from lab","""A&L Great Lakes Laboratory - Fort Wayne, IN""","A&L Great Lakes Laboratory - Fort Wayne, IN",
Particle Size Analysis,,,,,,,,,,,,,,,,,,,,,Need more info from lab,"""A&L Great Lakes Laboratory - Fort Wayne, IN""","A&L Great Lakes Laboratory - Fort Wayne, IN",
Strong Bray Phosphorus,,,,,,,,,,,,,,,,,,,,Four options with different ratios in MODUS,Need more info from lab,"""A&L Great Lakes Laboratory - Fort Wayne, IN""","A&L Great Lakes Laboratory - Fort Wayne, IN",
Sodium Bicarbonate Phosphorus,,,,,,,,,,,,,,,,,,,,Several possible methods offered in https://extension.missouri.edu/media/wysiwyg/Extensiondata/Pub/pdf/specialb/sb1001.pdf,Need more info from lab,"""A&L Great Lakes Laboratory - Fort Wayne, IN""","A&L Great Lakes Laboratory - Fort Wayne, IN",
Iron,,,,,,,,,,,,,,,,,,,,,Need more info from lab,"""A&L Great Lakes Laboratory - Fort Wayne, IN""","A&L Great Lakes Laboratory - Fort Wayne, IN",
Copper,,,,,,,,,,,,,,,,,,,,,Need more info from lab,"""A&L Great Lakes Laboratory - Fort Wayne, IN""","A&L Great Lakes Laboratory - Fort Wayne, IN",
Sulfur,,,,,,,,,,,,,,,,,,,,,Need more info from lab,"""A&L Great Lakes Laboratory - Fort Wayne, IN""","A&L Great Lakes Laboratory - Fort Wayne, IN",
Boron,,,,,,,,,,,,,,,,,,,,,Need more info from lab,"""A&L Great Lakes Laboratory - Fort Wayne, IN""","A&L Great Lakes Laboratory - Fort Wayne, IN",
Manganese,,,,,,,,,,,,,,,,,,,,,Need more info from lab,"""A&L Great Lakes Laboratory - Fort Wayne, IN""","A&L Great Lakes Laboratory - Fort Wayne, IN",
Organic Matter,,,,Organic Matter,Organic Matter,,Dumas,Dumas,,Combustion Analyzer,Combustion Analyzer,,%,%,%,,,S-OM-DUMAS.16,L_MODV2_SOIL_OM_003,unsure if this is correct,Need more info from lab,"""A&L Great Lakes Laboratory - Fort Wayne, IN""","A&L Great Lakes Laboratory - Fort Wayne, IN",
Available Phosphorus,,,,Phosphorus,Phosphorus,,Bicarbonate (Olsen),Bicarbonate (Olsen),,Spectrophotometric,Spectrophotometric,,mg/kg,mg/kg,mg/kg,,ppm,S-P-BIC.01.03,L_MODV2_SOIL_P_045,Several possible methods offered in https://extension.missouri.edu/media/wysiwyg/Extensiondata/Pub/pdf/specialb/sb1001.pdf,Need more info from lab,"""A&L Great Lakes Laboratory - Fort Wayne, IN""","A&L Great Lakes Laboratory - Fort Wayne, IN",
Exchangeable Potassium,,,,Exchangeable Potassium Percentage,Exchangeable Potassium Percentage,,1.0 M KCl,1.0 M KCl,,Calculated,Calculated,,%,%,%,,,S-EKP.19,L_MODV2_SOIL_XKP_001,,,"""A&L Great Lakes Laboratory - Fort Wayne, IN""","A&L Great Lakes Laboratory - Fort Wayne, IN",
Magnesium,,,,Magnesium,Magnesium,,Saturated Paste,Saturated Paste,,ICP,ICP,,meq/L,meq/L,meq/L,,,S-MG-SP.05,L_MODV2_SOIL_MG_030,Several possible methods offered in https://extension.missouri.edu/media/wysiwyg/Extensiondata/Pub/pdf/specialb/sb1001.pdf,Need more info from lab,"""A&L Great Lakes Laboratory - Fort Wayne, IN""","A&L Great Lakes Laboratory - Fort Wayne, IN",
Calcium,,,,,,,,,,,,,,,,,,,,,Need more info from lab,"""A&L Great Lakes Laboratory - Fort Wayne, IN""","A&L Great Lakes Laboratory - Fort Wayne, IN",
Buffer pH,,,,Buffer pH,Buffer pH,,SMP,SMP,,H+ ISE,H+ ISE,,standard pH unit,standard pH unit,,,,S-BPH-SMPB.02,L_MODV2_SOIL_BPH_009,,,"""A&L Great Lakes Laboratory - Fort Wayne, IN""","A&L Great Lakes Laboratory - Fort Wayne, IN",
Cation Exchange Capacity,,,,Cation Exchange Capacity,Cation Exchange Capacity,,Displacement - Potassium,Displacement - Potassium,,"""ICP-AES, AAS""","""ICP-AES, AAS""",,cmol/kg,cmol/kg,cmol/kg,,meq/100g,S-CEC-K.05,L_MODV2_SOIL_CEC_009,unsure if this is correct,Need more info from lab,"""A&L Great Lakes Laboratory - Fort Wayne, IN""","A&L Great Lakes Laboratory - Fort Wayne, IN",
Percent Base Saturation of Cation Elements,,,,,,,,,,,,,,,,,,,,,Need more info from lab,"""A&L Great Lakes Laboratory - Fort Wayne, IN""","A&L Great Lakes Laboratory - Fort Wayne, IN",
Zinc,,,,,,,,,,,,,,,,,,,,,Need more info from lab,"""A&L Great Lakes Laboratory - Fort Wayne, IN""","A&L Great Lakes Laboratory - Fort Wayne, IN",
Soil pH,,,,pH,pH,,1:1 soil:water ,1:1 soil:water ,,H+ ISE,H+ ISE,,standard pH unit,standard pH unit,,,,S-PH-1:1.02.07,L_MODV2_SOIL_PH_005,,,"""A&L Great Lakes Laboratory - Fort Wayne, IN""","A&L Great Lakes Laboratory - Fort Wayne, IN",
Organic Matter,,,,,,,,,,,,,,,,,,,,"Wisconsin-approved methods and recommendations:  NCR - Recommended Chemical Soil Test Procedures for the North Central Region, NCR No. 221",,A&L Great Lakes Laboratory - Wisconsin,A&L Great Lakes Laboratory - Wisconsin,
Soil pH,,,,,,,,,,,,,,,,,,,,"Wisconsin-approved methods and recommendations:  NCR - Recommended Chemical Soil Test Procedures for the North Central Region, NCR No. 221",,A&L Great Lakes Laboratory - Wisconsin,A&L Great Lakes Laboratory - Wisconsin,
Buffer pH,,,,,,,,,,,,,,,,,,,,"Wisconsin-approved methods and recommendations:  NCR - Recommended Chemical Soil Test Procedures for the North Central Region, NCR No. 221",,A&L Great Lakes Laboratory - Wisconsin,A&L Great Lakes Laboratory - Wisconsin,
Phosphorus,,,,,,,,,,,,,,,,,,,,"Wisconsin-approved methods and recommendations:  NCR - Recommended Chemical Soil Test Procedures for the North Central Region, NCR No. 221",,A&L Great Lakes Laboratory - Wisconsin,A&L Great Lakes Laboratory - Wisconsin,
Potassium,,,,,,,,,,,,,,,,,,,,"Wisconsin-approved methods and recommendations:  NCR - Recommended Chemical Soil Test Procedures for the North Central Region, NCR No. 221",,A&L Great Lakes Laboratory - Wisconsin,A&L Great Lakes Laboratory - Wisconsin,
Calcium,,,,,,,,,,,,,,,,,,,,"Wisconsin-approved methods and recommendations:  NCR - Recommended Chemical Soil Test Procedures for the North Central Region, NCR No. 221",,A&L Great Lakes Laboratory - Wisconsin,A&L Great Lakes Laboratory - Wisconsin,
Magnesium,,,,,,,,,,,,,,,,,,,,"Wisconsin-approved methods and recommendations:  NCR - Recommended Chemical Soil Test Procedures for the North Central Region, NCR No. 221",,A&L Great Lakes Laboratory - Wisconsin,A&L Great Lakes Laboratory - Wisconsin,
Cation Exchange Capacity,,,,,,,,,,,,,,,,,,,,"Wisconsin-approved methods and recommendations:  NCR - Recommended Chemical Soil Test Procedures for the North Central Region, NCR No. 221",,A&L Great Lakes Laboratory - Wisconsin,A&L Great Lakes Laboratory - Wisconsin,
Percent Base Saturation of Cation Elements,,,,,,,,,,,,,,,,,,,,"Wisconsin-approved methods and recommendations:  NCR - Recommended Chemical Soil Test Procedures for the North Central Region, NCR No. 221",,A&L Great Lakes Laboratory - Wisconsin,A&L Great Lakes Laboratory - Wisconsin,
Iron,,,,,,,,,,,,,,,,,,,,"Wisconsin-approved methods and recommendations:  NCR - Recommended Chemical Soil Test Procedures for the North Central Region, NCR No. 221",,A&L Great Lakes Laboratory - Wisconsin,A&L Great Lakes Laboratory - Wisconsin,
Copper,,,,,,,,,,,,,,,,,,,,"Wisconsin-approved methods and recommendations:  NCR - Recommended Chemical Soil Test Procedures for the North Central Region, NCR No. 221",,A&L Great Lakes Laboratory - Wisconsin,A&L Great Lakes Laboratory - Wisconsin,
Sulfur,,,,,,,,,,,,,,,,,,,,"Wisconsin-approved methods and recommendations:  NCR - Recommended Chemical Soil Test Procedures for the North Central Region, NCR No. 221",,A&L Great Lakes Laboratory - Wisconsin,A&L Great Lakes Laboratory - Wisconsin,
Boron ,,,,,,,,,,,,,,,,,,,,"Wisconsin-approved methods and recommendations:  NCR - Recommended Chemical Soil Test Procedures for the North Central Region, NCR No. 221",,A&L Great Lakes Laboratory - Wisconsin,A&L Great Lakes Laboratory - Wisconsin,
Manganese,,,,,,,,,,,,,,,,,,,,"Wisconsin-approved methods and recommendations:  NCR - Recommended Chemical Soil Test Procedures for the North Central Region, NCR No. 221",,A&L Great Lakes Laboratory - Wisconsin,A&L Great Lakes Laboratory - Wisconsin,
Zinc,,,,,,,,,,,,,,,,,,,,"Wisconsin-approved methods and recommendations:  NCR - Recommended Chemical Soil Test Procedures for the North Central Region, NCR No. 221",,A&L Great Lakes Laboratory - Wisconsin,A&L Great Lakes Laboratory - Wisconsin,
Lime Presence,Soil,EX__LIME,Lime Recommendation,Lime Recommendation,Lime Recommendation,,SMP,SMP,,Calculated,Calculated,none,tons/ac,none,[ston_av]/[acr_us],,kg/ha,S-LR-SMP,L_MODV2_SOIL_LREC_007,,,"""A&L Western Agricultural Labs - Modesto, CA""","A&L Western Agricultural Labs - Modesto, CA",
NH4-N,Soil,NH4,Ammonium-Nitrogen,,Ammonium-Nitrogen,,,,,,,ppm,,ppm,[ppm],,,,,,Need more info from lab,"""A&L Western Agricultural Labs - Modesto, CA""","A&L Western Agricultural Labs - Modesto, CA",
Ca,Soil,CA,Calcium,Calcium,Calcium,,Ammonium Acetate,Ammonium Acetate,,"""ICP, AAS""","""ICP, AAS""",ppm,mg/kg,ppm,[ppm],,ppm,S-CA-NH4AC.05,L_MODV2_SOIL_CA_003,,,"""A&L Western Agricultural Labs - Modesto, CA""","A&L Western Agricultural Labs - Modesto, CA",
% Soil Moisture,Soil,,Moisture,,Moisture,,,,,,,%,,%,%,,,,,,Need more info from lab,"""A&L Western Agricultural Labs - Modesto, CA""","A&L Western Agricultural Labs - Modesto, CA",
SAR,Soil,SAR,Sodium Adsorption Ratio,,Sodium Adsorption Ratio,,,,,,,Ratio,,Ratio,,,,,,Calculated: not an option in modus,Not in MODUS,"""A&L Western Agricultural Labs - Modesto, CA""","A&L Western Agricultural Labs - Modesto, CA",
PO4-P (Bray-P1),Soil,P1,Phosphorus,Phosphorus,Phosphorus,,Bray P1 (1:10),Bray P1 (1:10),,Spectrophotometric,Spectrophotometric,ppm,mg/kg,ppm,[ppm],,ppm,S-P-B1-1:10.01.03,L_MODV2_SOIL_P_004,S-P-B1-1:10.01.03 or S-P-B1-1:7.01.03,Need more info from lab,"""A&L Western Agricultural Labs - Modesto, CA""","A&L Western Agricultural Labs - Modesto, CA",
PO4-P (Bray-P2),Soil,P2,Phosphorus,,Phosphorus,,,,,,,ppm,,ppm,[ppm],,,,,S-P-B2-1:10.01.03 or S-P-B2-1:7.01.03,Need more info from lab,"""A&L Western Agricultural Labs - Modesto, CA""","A&L Western Agricultural Labs - Modesto, CA",
PO4-P (Olsen),Soil,HCO3_P,Phosphorus,,Phosphorus,,,,,,,ppm,,ppm,[ppm],,,,,,Need more info from lab,"""A&L Western Agricultural Labs - Modesto, CA""","A&L Western Agricultural Labs - Modesto, CA",
K-AA,Soil,K,Potassium,,Potassium,,,,,,,ppm,,ppm,[ppm],,,,,,Need more info from lab,"""A&L Western Agricultural Labs - Modesto, CA""","A&L Western Agricultural Labs - Modesto, CA",
Particle Size Analysis - PSA - Sand,Soil,,Sand,,Sand,,,,,,,%,,%,%,,,,,,Need more info from lab,"""A&L Western Agricultural Labs - Modesto, CA""","A&L Western Agricultural Labs - Modesto, CA",
Silt Clay - Soil Texture,Soil,,Silt+Clay,,Silt+Clay,,,,,,,%,,%,%,,,,,,Need more info from lab,"""A&L Western Agricultural Labs - Modesto, CA""","A&L Western Agricultural Labs - Modesto, CA",
Available Water Capacity,Soil,,Moisture,,Moisture,,,,,,,%,,%,%,,,,,,Need more info from lab,"""A&L Western Agricultural Labs - Modesto, CA""","A&L Western Agricultural Labs - Modesto, CA",
Total N,Soil,TN,"""Nitrogen, Total""",,"""Nitrogen, Total""",,,,,,,,,,,,,,,,Need more info from lab,"""A&L Western Agricultural Labs - Modesto, CA""","A&L Western Agricultural Labs - Modesto, CA",
Organic Matter (OM),Soil,OM,Organic Matter,Organic Matter,Organic Matter,,Loss-on-Ignition ,Loss-on-Ignition ,,Gravimetric,Gravimetric,%,%,%,%,,,S-SOM-LOI.15,L_MODV2_SOIL_OM_004,Several possible methods offered in https://extension.missouri.edu/media/wysiwyg/Extensiondata/Pub/pdf/specialb/sb1001.pdf page 12.1,Need more info from lab,"""A&L Western Agricultural Labs - Modesto, CA""","A&L Western Agricultural Labs - Modesto, CA",
Organic Carbon (OC),Soil,,Organic Carbon,,Organic Carbon,,,,,,,,,,,,,,,,Need more info from lab,"""A&L Western Agricultural Labs - Modesto, CA""","A&L Western Agricultural Labs - Modesto, CA",
%CaCO3,Soil,,Calcium Carbonate,,Calcium Carbonate,,,,,,,,,,,,,,,,Need more info from lab,"""A&L Western Agricultural Labs - Modesto, CA""","A&L Western Agricultural Labs - Modesto, CA",
C:N ratio,Soil,,C:N Ratio,,C:N Ratio,,,,,,,none,,none,,,,,,,Need more info from lab,"""A&L Western Agricultural Labs - Modesto, CA""","A&L Western Agricultural Labs - Modesto, CA",
B,Soil,B,Boron,Boron,Boron,,DTPA-Sorbitol,DTPA-Sorbitol,,"""ICP, AAS""","""ICP, AAS""",ppm,mg/kg,ppm,[ppm],,ppm,S-B-DTPA-SORB.05,L_MODV2_SOIL_B_011,,,"""A&L Western Agricultural Labs - Modesto, CA""","A&L Western Agricultural Labs - Modesto, CA",
Zn,Soil,ZN,Zinc,Zinc,Zinc,,DTPA-Sorbitol,DTPA-Sorbitol,,"""ICP, AAS""","""ICP, AAS""",ppm,mg/kg,ppm,[ppm],,ppm,S-ZN-DTPA-SORB.05,L_MODV2_SOIL_ZN_003,,,"""A&L Western Agricultural Labs - Modesto, CA""","A&L Western Agricultural Labs - Modesto, CA",
Mn,Soil,MN,Manganese,Manganese,Manganese,,DTPA-Sorbitol,DTPA-Sorbitol,,"""ICP, AAS""","""ICP, AAS""",ppm,mg/kg,ppm,[ppm],,ppm,S-MN-DTPA-SORB.05,L_MODV2_SOIL_MN_003,,,"""A&L Western Agricultural Labs - Modesto, CA""","A&L Western Agricultural Labs - Modesto, CA",
Molybdenum,Soil,MO,Molybdenum,,Molybdenum,,,,,,,,,,,,,,,A&L says they use DTPA so we should inquire with MODUS about this. There is no S-MO-DTPA-SORB.05 for Molybdenum. Molybdenum is also not listed in any packages.,Need more info from lab,"""A&L Western Agricultural Labs - Modesto, CA""","A&L Western Agricultural Labs - Modesto, CA",
Chlorine,Soil,CL,Chloride,Chloride,Chloride,,Saturated Paste,Saturated Paste,,Spectrophotometric,Spectrophotometric,ppm,mg/L,ppm,[ppm],,,S-CL-SP.01,L_MODV2_SOIL_CL_013,,,"""A&L Western Agricultural Labs - Modesto, CA""","A&L Western Agricultural Labs - Modesto, CA",
Fe,Soil,FE,Iron,Iron,Iron,,DTPA-Sorbitol,DTPA-Sorbitol,,"""ICP, AAS""","""ICP, AAS""",ppm,mg/kg,ppm,[ppm],,ppm,S-FE-DTPA-SORB.05,L_MODV2_SOIL_FE_004,,,"""A&L Western Agricultural Labs - Modesto, CA""","A&L Western Agricultural Labs - Modesto, CA",
Cu,Soil,CU,Copper,Copper,Copper,,DTPA-Sorbitol,DTPA-Sorbitol,,"""ICP, AAS""","""ICP, AAS""",ppm,mg/kg,ppm,[ppm],,ppm,S-CU-DTPA-SORB.05,L_MODV2_SOIL_CU_003,,,"""A&L Western Agricultural Labs - Modesto, CA""","A&L Western Agricultural Labs - Modesto, CA",
CEC,Soil,CEC,Cation Exchange Capacity,,Cation Exchange Capacity,,,,,,,meq/100 g,,meq/100 g,meq/(100.g),,,,,"S-CEC.19 
//or S-CEC-NH4N.05 
//or S-CEC-AA.23",Need more info from lab,"""A&L Western Agricultural Labs - Modesto, CA""","A&L Western Agricultural Labs - Modesto, CA",
Extractable Ca,Soil,CA,Calcium,Calcium,Calcium,,Ammonium Acetate,Ammonium Acetate,,"""ICP, AAS""","""ICP, AAS""",,mg/kg,mg/kg,mg/kg,,ppm,S-CA-NH4AC.05,L_MODV2_SOIL_CA_003,,,"""A&L Western Agricultural Labs - Modesto, CA""","A&L Western Agricultural Labs - Modesto, CA",
OM (LOI),Soil,OM,Organic Matter,Organic Matter,Organic Matter,,Loss-on-Ignition ,Loss-on-Ignition ,,Gravimetric,Gravimetric,,%,%,%,,,S-SOM-LOI.15,L_MODV2_SOIL_OM_004,,,"""A&L Western Agricultural Labs - Modesto, CA""","A&L Western Agricultural Labs - Modesto, CA",
EC,Soil,EC,Electrical Conductivity,,Electrical Conductivity,,,,,,,,,,,,,,,,Need more info from lab,"""A&L Western Agricultural Labs - Modesto, CA""","A&L Western Agricultural Labs - Modesto, CA",
Soil pH,Soil,PH,pH,pH,pH,,Saturated Paste,Saturated Paste,,H+ ISE,H+ ISE,,standard pH unit,standard pH unit,,,,S-PH-SP.02,L_MODV2_SOIL_PH_013,,,"""A&L Western Agricultural Labs - Modesto, CA""","A&L Western Agricultural Labs - Modesto, CA",
K,Soil,K,Potassium,Potassium,Potassium,,Ammonium Acetate,Ammonium Acetate,,"""ICP, AAS""","""ICP, AAS""",ppm,mg/kg,ppm,[ppm],,ppm,S-K-NH4AC.05,L_MODV2_SOIL_K_002,,,"""A&L Western Agricultural Labs - Modesto, CA""","A&L Western Agricultural Labs - Modesto, CA",
Mg,Soil,MG,Magnesium,Magnesium,Magnesium,,Ammonium Acetate,Ammonium Acetate,,"""ICP, AAS""","""ICP, AAS""",ppm,mg/kg,ppm,[ppm],,ppm,S-MG-NH4AC.05,L_MODV2_SOIL_MG_002,,,"""A&L Western Agricultural Labs - Modesto, CA""","A&L Western Agricultural Labs - Modesto, CA",
Na,Soil,NA,Sodium,Sodium,Sodium,,Ammonium Acetate,Ammonium Acetate,,"""ICP, AAS""","""ICP, AAS""",ppm,mg/kg,ppm,[ppm],,ppm,S-NA-NH4AC.05,L_MODV2_SOIL_NA_001,,,"""A&L Western Agricultural Labs - Modesto, CA""","A&L Western Agricultural Labs - Modesto, CA",
NO3-N,Soil,NO3_N,Nitrate-Nitrogen,Nitrate-Nitrogen,Nitrate-Nitrogen,,1:5 2.0 N KCl ,1:5 2.0 N KCl ,,Cd Red/Spectrophotometric,Cd Red/Spectrophotometric,ppm,mg/kg,ppm,[ppm],,ppm,S-NO3-1:5.01.01,L_MODV2_SOIL_NO3N_010,,,"""A&L Western Agricultural Labs - Modesto, CA""","A&L Western Agricultural Labs - Modesto, CA",
SO4-S,Soil,SO4_S,Sulfate-Sulfur,Sulfur,Sulfur,,Ammonium Acetate,Ammonium Acetate,,ICP,ICP,ppm,mg/kg,ppm,[ppm],,ppm,S-S-NH4AC.05,L_MODV2_SOIL_S_002,,,"""A&L Western Agricultural Labs - Modesto, CA""","A&L Western Agricultural Labs - Modesto, CA",
Buffer pH,Soil,BUFFER_PH,Buffer pH,Buffer pH,Buffer pH,,Sikora 1 buffer,Sikora 1 buffer,,H+ ISE,H+ ISE,,standard pH unit,standard pH unit,,,,S-BPH-SIK1.02,L_MODV2_SOIL_BPH_007,"This was found on the Soil Analysis Report CSV but not listed on the Fee Schedule.
Unsure whether sikora 1 or 2.",Need more info from lab,"""A&L Western Agricultural Labs - Modesto, CA""","A&L Western Agricultural Labs - Modesto, CA",
Soluble Salts,Soil,S__SALTS,,Soluble Salts,Soluble Salts,,5:1 Water Extraction,5:1 Water Extraction,,Calculated,Calculated,mmhos/cm,mg/kg,mmhos/cm,mmho/cm,,ppm,S-SS.19,L_MODV2_SOIL_SS_001,,Need more info from lab,"""A&L Western Agricultural Labs - Modesto, CA""","A&L Western Agricultural Labs - Modesto, CA",
H,Soil,H,Hydrogen,,Hydrogen,,,,,,,meq/100 g,,meq/100 g,meq/(100.g),,,,,This was found on the Soil Analysis Report CSV but not listed on the Fee Schedule.,Need more info from lab,"""A&L Western Agricultural Labs - Modesto, CA""","A&L Western Agricultural Labs - Modesto, CA",
PERCENT CATION SATURATION (COMPUTED),Soil,SAT_PCT,Saturation Paste %,Saturation Paste %,Saturation Paste %,,Balance,Balance,,Calculated,Calculated,,%,%,%,,,S-SP%.19,L_MODV2_SOIL_SS,This was found on the Soil Analysis Report CSV but not listed on the Fee Schedule.,Need more info from lab,"""A&L Western Agricultural Labs - Modesto, CA""","A&L Western Agricultural Labs - Modesto, CA",
ENR,Soil,ENR,Estimated Nitrogen Release,Estimated Nitrogen Release,Estimated Nitrogen Release,,Saturated Paste,Saturated Paste,,Calculated,Calculated,,lb/ac,lb/ac,[ppm],,kg/ha,S-ENR.19,L_MODV2_SOIL_ENR_001,From CSV results we have,Need more info from lab,"""A&L Western Agricultural Labs - Modesto, CA""","A&L Western Agricultural Labs - Modesto, CA",
Exchangeable Sodium Percentage,Soil,ESP,Exchangeable Sodium Percentage,Exchangeable Sodium Percentage,Exchangeable Sodium Percentage,,1.0 M KCl,1.0 M KCl,,Calculated,Calculated,,%,%,%,,,S-ESP.19,L_MODV2_SOIL_XNAP_001,,,"""A&L Western Agricultural Labs - Modesto, CA""","A&L Western Agricultural Labs - Modesto, CA",
CO3,Soil,CO3,Carbonate,Carbonate,Carbonate,,Saturated Paste,Saturated Paste,,Titration,Titration,,meq/L,meq/L,meq/L,,,S-CO3-SP.12,L_MODV2_SOIL_CO3_004,,,"""A&L Western Agricultural Labs - Modesto, CA""","A&L Western Agricultural Labs - Modesto, CA",
Aluminum,Soil,AL,Aluminum,,Aluminum,,,,,,,ppm,,ppm,[ppm],,,,,,,"""A&L Western Agricultural Labs - Modesto, CA""","A&L Western Agricultural Labs - Modesto, CA",
K_PCT,Soil,K_PCT,,Base Saturation - K,Base Saturation - K,,EPA 3050 Digestion Acid Recoverable,EPA 3050 Digestion Acid Recoverable,,Calculated,Calculated,,%,%,%,,,S-BS-K.19,L_MODV2_SOIL_KBS_001,,,"""A&L Western Agricultural Labs - Modesto, CA""","A&L Western Agricultural Labs - Modesto, CA",
H_PCT,Soil,H_PCT,,Base Saturation - H,Base Saturation - H,,EPA 3050 Digestion Acid Recoverable,EPA 3050 Digestion Acid Recoverable,,Calculated,Calculated,,%,%,%,,,S-BS-H.19,L_MODV2_SOIL_HBS_001,,,"""A&L Western Agricultural Labs - Modesto, CA""","A&L Western Agricultural Labs - Modesto, CA",
MG_PCT,Soil,MG_PCT,,Base Saturation - Mg,Base Saturation - Mg,,EPA 3050 Digestion Acid Recoverable,EPA 3050 Digestion Acid Recoverable,,Calculated,Calculated,,%,%,%,,,S-BS-MG.19,L_MODV2_SOIL_MGBS_001,,,"""A&L Western Agricultural Labs - Modesto, CA""","A&L Western Agricultural Labs - Modesto, CA",
CA_PCT,Soil,CA_PCT,,Base Saturation - Ca,Base Saturation - Ca,,EPA 3050 Digestion Acid Recoverable,EPA 3050 Digestion Acid Recoverable,,Calculated,Calculated,,%,%,%,,,S-BS-CA.19,L_MODV2_SOIL_MGBS_001,,,"""A&L Western Agricultural Labs - Modesto, CA""","A&L Western Agricultural Labs - Modesto, CA",
NA_PCT,Soil,NA_PCT,,Base Saturation - Na,Base Saturation - Na,,EPA 3050 Digestion Acid Recoverable,EPA 3050 Digestion Acid Recoverable,,Calculated,Calculated,,%,%,%,,,S-BS-NA.19,L_MODV2_SOIL_NABS_001,,,"""A&L Western Agricultural Labs - Modesto, CA""","A&L Western Agricultural Labs - Modesto, CA",
S,Soil,S,Sulfur,,Sulfur,,,,,,,ppm,,ppm,[ppm],,,,,,,"""A&L Western Agricultural Labs - Modesto, CA""","A&L Western Agricultural Labs - Modesto, CA",
CA_SAT,Soil,CA_SAT,,Base Saturation - Ca,Base Saturation - Ca,,EPA 3050 Digestion Acid Recoverable,EPA 3050 Digestion Acid Recoverable,,Calculated,Calculated,meq/100 g,%,meq/100 g,meq/(100.g),,,S-BS-CA.19,L_MODV2_SOIL_MGBS_001,,,"""A&L Western Agricultural Labs - Modesto, CA""","A&L Western Agricultural Labs - Modesto, CA",
MG_SAT,Soil,MG_SAT,,Base Saturation - Mg,Base Saturation - Mg,,EPA 3050 Digestion Acid Recoverable,EPA 3050 Digestion Acid Recoverable,,Calculated,Calculated,meq/100 g,%,meq/100 g,meq/(100.g),,,S-BS-MG.19,L_MODV2_SOIL_MGBS_001,,,"""A&L Western Agricultural Labs - Modesto, CA""","A&L Western Agricultural Labs - Modesto, CA",
NA_SAT,Soil,NA_SAT,,Base Saturation - Na,Base Saturation - Na,,EPA 3050 Digestion Acid Recoverable,EPA 3050 Digestion Acid Recoverable,,Calculated,Calculated,meq/100 g,%,meq/100 g,meq/(100.g),,,S-BS-NA.19,L_MODV2_SOIL_NABS_001,,,"""A&L Western Agricultural Labs - Modesto, CA""","A&L Western Agricultural Labs - Modesto, CA",
B_SAT,Soil,B_SAT,Base Saturation - B,,Base Saturation - B,,,,,,,meq/100 g,,meq/100 g,meq/(100.g),,,,,Apparently base saturation of boron isn't recognized by modus v1 or v2 but AL West provides it,,"""A&L Western Agricultural Labs - Modesto, CA""","A&L Western Agricultural Labs - Modesto, CA",
HCO3,Soil,HCO3,,Bicarbonate,Bicarbonate,,Saturated Paste,Saturated Paste,,Calculated,Calculated,,meq/L,meq/L,meq/L,,,S-HCO3-SP.19,L_MODV2_SOIL_HCO3_001,Apparently base saturation of boron isn't recognized by modus v1 or v2 but AL West provides it,,"""A&L Western Agricultural Labs - Modesto, CA""","A&L Western Agricultural Labs - Modesto, CA",
N,Tissue,N,Nitrogen,,Nitrogen,,,,,,,ppm,,ppm,[ppm],,,,,,,"""A&L Western Agricultural Labs - Modesto, CA""","A&L Western Agricultural Labs - Modesto, CA",
P,Tissue,P,Phosphorus,,Phosphorus,,,,,,,ppm,,ppm,[ppm],,,,,,,"""A&L Western Agricultural Labs - Modesto, CA""","A&L Western Agricultural Labs - Modesto, CA",
K,Tissue,K,Potassium,,Potassium,,,,,,,ppm,,ppm,[ppm],,,,,,,"""A&L Western Agricultural Labs - Modesto, CA""","A&L Western Agricultural Labs - Modesto, CA",
MG,Tissue,MG,Magnesium,,Magnesium,,,,,,,ppm,,ppm,[ppm],,,,,,,"""A&L Western Agricultural Labs - Modesto, CA""","A&L Western Agricultural Labs - Modesto, CA",
CA,Tissue,CA,Calcium,,Calcium,,,,,,,ppm,,ppm,[ppm],,,,,,,"""A&L Western Agricultural Labs - Modesto, CA""","A&L Western Agricultural Labs - Modesto, CA",
NA,,,,,,,,,,,,ppm,,ppm,[ppm],,,,,,,"""A&L Western Agricultural Labs - Modesto, CA""","A&L Western Agricultural Labs - Modesto, CA",
NO3_N,Tissue,NO3_N,Nitrate-Nitrogen,,Nitrate-Nitrogen,,,,,,,ppm,,ppm,[ppm],,,,,,,"""A&L Western Agricultural Labs - Modesto, CA""","A&L Western Agricultural Labs - Modesto, CA",
S,Tissue,S,Sulfur,,Sulfur,,,,,,,ppm,,ppm,[ppm],,,,,,,"""A&L Western Agricultural Labs - Modesto, CA""","A&L Western Agricultural Labs - Modesto, CA",
ZN,Tissue,ZN,Zinc,,Zinc,,,,,,,ppm,,ppm,[ppm],,,,,,,"""A&L Western Agricultural Labs - Modesto, CA""","A&L Western Agricultural Labs - Modesto, CA",
MN,Tissue,MN,Manganese,,Manganese,,,,,,,ppm,,ppm,[ppm],,,,,,,"""A&L Western Agricultural Labs - Modesto, CA""","A&L Western Agricultural Labs - Modesto, CA",
FE,Tissue,FE,Iron,,Iron,,,,,,,ppm,,ppm,[ppm],,,,,,,"""A&L Western Agricultural Labs - Modesto, CA""","A&L Western Agricultural Labs - Modesto, CA",
CU,Tissue,CU,Copper,,Copper,,,,,,,ppm,,ppm,[ppm],,,,,,,"""A&L Western Agricultural Labs - Modesto, CA""","A&L Western Agricultural Labs - Modesto, CA",
B,Tissue,B,Boron,,Boron,,,,,,,ppm,,ppm,[ppm],,,,,,,"""A&L Western Agricultural Labs - Modesto, CA""","A&L Western Agricultural Labs - Modesto, CA",
CL,Tissue,CL,Chloride,,Chloride,,,,,,,ppm,,ppm,[ppm],,,,,,,"""A&L Western Agricultural Labs - Modesto, CA""","A&L Western Agricultural Labs - Modesto, CA",
MO,Tissue,MO,Molybdenum,,Molybdenum,,,,,,,ppm,,ppm,[ppm],,,,,,,"""A&L Western Agricultural Labs - Modesto, CA""","A&L Western Agricultural Labs - Modesto, CA",
AL,Tissue,AL,Aluminum,,Aluminum,,,,,,,ppm,,ppm,[ppm],,,,,,,"""A&L Western Agricultural Labs - Modesto, CA""","A&L Western Agricultural Labs - Modesto, CA",
PO4_P,Tissue,PO4_P,phosphate,,phosphate,,,,,,,ppm,,ppm,[ppm],,,,,,,"""A&L Western Agricultural Labs - Modesto, CA""","A&L Western Agricultural Labs - Modesto, CA",
K_EXT,Tissue,K_EXT,,,,,,,,,,ppm,,ppm,[ppm],,,,,,,"""A&L Western Agricultural Labs - Modesto, CA""","A&L Western Agricultural Labs - Modesto, CA",
SO4_S,Tissue,SO4_S,Sulfate-Sulfur,,Sulfate-Sulfur,,,,,,,ppm,,ppm,[ppm],,,,,,,"""A&L Western Agricultural Labs - Modesto, CA""","A&L Western Agricultural Labs - Modesto, CA",
Eff,,,,,,,,,,,,,,,,,,,,,Need more info from lab,"""Ag Test LLC - Kittitas, WA""","Ag Test LLC - Kittitas, WA",
Total Copper,,,,,,,,,,,,,,,,,,,,,Need more info from lab,"""Ag Test LLC - Kittitas, WA""","Ag Test LLC - Kittitas, WA",
Mo,,,,,,,,,,,,,,,,,,,,,Need more info from lab,"""Ag Test LLC - Kittitas, WA""","Ag Test LLC - Kittitas, WA",
Cl,,,,,,,,,,,,,,,,,,,,,Need more info from lab,"""Ag Test LLC - Kittitas, WA""","Ag Test LLC - Kittitas, WA",
Total Bases,,,,,,,,,,,,,,,,,,,,"List these out separate? Or together?
Sum of exchangeable calcium (S-ECAP.19), sodium (S-ESP.19), magnesium (S-EMGP.19), and potassium (S-EKP.19) in meq/100g",Need more info from lab,"""Ag Test LLC - Kittitas, WA""","Ag Test LLC - Kittitas, WA",
Na,,,,,,,,,,,,,,,,,,,,,Need more info from lab,"""Ag Test LLC - Kittitas, WA""","Ag Test LLC - Kittitas, WA",
CEC,,,,,,,,,,,,,,,,,,,,,Need more info from lab,"""Ag Test LLC - Kittitas, WA""","Ag Test LLC - Kittitas, WA",
Moisture,,,,,,,,,,,,,,,,,,,,Mass percent of a soil that is water when sampled,Need more info from lab,"""Ag Test LLC - Kittitas, WA""","Ag Test LLC - Kittitas, WA",
Mn,,,,,,,,,,,,,,,,,,,,,Need more info from lab,"""Ag Test LLC - Kittitas, WA""","Ag Test LLC - Kittitas, WA",
Cu,,,,,,,,,,,,,,,,,,,,,Need more info from lab,"""Ag Test LLC - Kittitas, WA""","Ag Test LLC - Kittitas, WA",
Fe,,,,Iron,Iron,,DTPA,DTPA,,"""ICP, AAS""","""ICP, AAS""",,mg/kg,mg/kg,mg/kg,,ppm,S-FE-DTPA.05,L_MODV2_SOIL_FE_003,"Two possible methods, double check with lab",Need more info from lab,"""Ag Test LLC - Kittitas, WA""","Ag Test LLC - Kittitas, WA",
Ca,,,,,,,,,,,,,,,,,,,,,Need more info from lab,"""Ag Test LLC - Kittitas, WA""","Ag Test LLC - Kittitas, WA",
Mg,,,,,,,,,,,,,,,,,,,,,Need more info from lab,"""Ag Test LLC - Kittitas, WA""","Ag Test LLC - Kittitas, WA",
B,,,,,,,,,,,,,,,,,,,,,Need more info from lab,"""Ag Test LLC - Kittitas, WA""","Ag Test LLC - Kittitas, WA",
SS,,,,,,,,,,,,,,,,,,,,"Method:
Soluble Salts (mmho/cm)
1:1 water

Soluble salts (also referred to as EC, electrical conductivity)",Not in MODUS,"""Ag Test LLC - Kittitas, WA""","Ag Test LLC - Kittitas, WA",
S,,,,,,,,,,,,,,,,,,,,,Need more info from lab,"""Ag Test LLC - Kittitas, WA""","Ag Test LLC - Kittitas, WA",
Zn,,,,,,,,,,,,,,,,,,,,,Need more info from lab,"""Ag Test LLC - Kittitas, WA""","Ag Test LLC - Kittitas, WA",
pH,,,,pH,pH,,1:1 soil:water ,1:1 soil:water ,,H+ ISE,H+ ISE,,standard pH unit,standard pH unit,,,,S-PH-1:1.02.07,L_MODV2_SOIL_PH_005,,Need more info from lab,"""Ag Test LLC - Kittitas, WA""","Ag Test LLC - Kittitas, WA",
K,,,,,,,,,,,,,,,,,,,,,Need more info from lab,"""Ag Test LLC - Kittitas, WA""","Ag Test LLC - Kittitas, WA",
OM (Organic Matter),,,,Organic Matter,Organic Matter,,Loss-on-Ignition ,Loss-on-Ignition ,,Gravimetric,Gravimetric,,%,%,%,,,S-SOM-LOI.15,L_MODV2_SOIL_OM_004,,Need more info from lab,"""Ag Test LLC - Kittitas, WA""","Ag Test LLC - Kittitas, WA",
NH4-N,,,,,,,,,,,,,,,,,,,,"Method:
ppm Ammonium(NH4-N) 
2N KCl",Not in MODUS,"""Ag Test LLC - Kittitas, WA""","Ag Test LLC - Kittitas, WA",
 P,,,,,,,,,,,,,,,,,,,,,Need more info from lab,"""Ag Test LLC - Kittitas, WA""","Ag Test LLC - Kittitas, WA",
NO3-N,,,,,,,,,,,,,,,,,,,,,Need more info from lab,"""Ag Test LLC - Kittitas, WA""","Ag Test LLC - Kittitas, WA",
Cu - Copper,,,,,,,,,,,,,,,,,,,,,Need more info from lab,"""AgLab Express - Sioux Falls, SD""","AgLab Express - Sioux Falls, SD",
Na — Sodium,,,,,,,,,,,,,,,,,,,,,Need more info from lab,"""AgLab Express - Sioux Falls, SD""","AgLab Express - Sioux Falls, SD",
Cl — Chloride,,,,,,,,,,,,,,,,,,,,,Need more info from lab,"""AgLab Express - Sioux Falls, SD""","AgLab Express - Sioux Falls, SD",
% sand,,,,,,,,,,,,,,,,,,,,,Need more info from lab,"""AgLab Express - Sioux Falls, SD""","AgLab Express - Sioux Falls, SD",
silt,,,,,,,,,,,,,,,,,,,,,Need more info from lab,"""AgLab Express - Sioux Falls, SD""","AgLab Express - Sioux Falls, SD",
clay,,,,,,,,,,,,,,,,,,,,,Need more info from lab,"""AgLab Express - Sioux Falls, SD""","AgLab Express - Sioux Falls, SD",
Potassium,,,,,,,,,,,,,,,,,,,,,Need more info from lab,"""AgLab Express - Sioux Falls, SD""","AgLab Express - Sioux Falls, SD",
Buffer pH,,,,,,,,,,,,,,,,,,,,,Need more info from lab,"""AgLab Express - Sioux Falls, SD""","AgLab Express - Sioux Falls, SD",
pH,,,,,,,,,,,,,,,,,,,,,Need more info from lab,"""AgLab Express - Sioux Falls, SD""","AgLab Express - Sioux Falls, SD",
B — Boron,,,,,,,,,,,,,,,,,,,,,Need more info from lab,"""AgLab Express - Sioux Falls, SD""","AgLab Express - Sioux Falls, SD",
Fe — Iron,,,,,,,,,,,,,,,,,,,,,Need more info from lab,"""AgLab Express - Sioux Falls, SD""","AgLab Express - Sioux Falls, SD",
ESP - Exchangeable Sodium Percentage,,,,,,,,,,,,,,,,,,,,,Need more info from lab,"""AgLab Express - Sioux Falls, SD""","AgLab Express - Sioux Falls, SD",
Ca — Calcium,,,,,,,,,,,,,,,,,,,,,Need more info from lab,"""AgLab Express - Sioux Falls, SD""","AgLab Express - Sioux Falls, SD",
NO3-N - Nitrate Nitrogen,,,,,,,,,,,,,,,,,,,,,Need more info from lab,"""AgLab Express - Sioux Falls, SD""","AgLab Express - Sioux Falls, SD",
B Sat % - Percent Base Saturation,,,,,,,,,,,,,,,,,,,,,Need more info from lab,"""AgLab Express - Sioux Falls, SD""","AgLab Express - Sioux Falls, SD",
Excess Lime,,,,,,,,,,,,,,,,,,,,,Need more info from lab,"""AgLab Express - Sioux Falls, SD""","AgLab Express - Sioux Falls, SD",
Texture Class,,,,,,,,,,,,,,,,,,,,,Need more info from lab,"""AgLab Express - Sioux Falls, SD""","AgLab Express - Sioux Falls, SD",
Mg — Magnesium,,,,,,,,,,,,,,,,,,,,,Need more info from lab,"""AgLab Express - Sioux Falls, SD""","AgLab Express - Sioux Falls, SD",
Mn — Manganese,,,,,,,,,,,,,,,,,,,,,Need more info from lab,"""AgLab Express - Sioux Falls, SD""","AgLab Express - Sioux Falls, SD",
CEC — Cation Exchange Capacity,,,,,,,,,,,,,,,,,,,,,Need more info from lab,"""AgLab Express - Sioux Falls, SD""","AgLab Express - Sioux Falls, SD",
Potassium,,,,,,,,,,,,,,,,,,,,,Need more info from lab,"""AgLab Express - Sioux Falls, SD""","AgLab Express - Sioux Falls, SD",
Buffer pH,,,,,,,,,,,,,,,,,,,,,Need more info from lab,"""AgLab Express - Sioux Falls, SD""","AgLab Express - Sioux Falls, SD",
S — Sulfur (Sulfate),,,,,,,,,,,,,,,,,,,,,Need more info from lab,"""AgLab Express - Sioux Falls, SD""","AgLab Express - Sioux Falls, SD",
pH,,,,,,,,,,,,,,,,,,,,,Need more info from lab,"""AgLab Express - Sioux Falls, SD""","AgLab Express - Sioux Falls, SD",
Zn — Zinc,,,,,,,,,,,,,,,,,,,,,Need more info from lab,"""AgLab Express - Sioux Falls, SD""","AgLab Express - Sioux Falls, SD",
Salts — Electrical Conductivity,,,,,,,,,,,,,,,,,,,,,Need more info from lab,"""AgLab Express - Sioux Falls, SD""","AgLab Express - Sioux Falls, SD",
P — Phosphorus,,,,,,,,,,,,,,,,,,,,,Need more info from lab,"""AgLab Express - Sioux Falls, SD""","AgLab Express - Sioux Falls, SD",
OM — Organic Matter,,,,,,,,,,,,,,,,,,,,,Need more info from lab,"""AgLab Express - Sioux Falls, SD""","AgLab Express - Sioux Falls, SD",
Iron (DTPA),,,,Iron,Iron,,DTPA,DTPA,,"""ICP, AAS""","""ICP, AAS""",,mg/kg,mg/kg,mg/kg,,ppm,S-FE-DTPA.05,L_MODV2_SOIL_FE_003,,,"""AGQ Labs USA - Oxnard, CA""","AGQ Labs USA - Oxnard, CA",
Manganese (DTPA),,,,Manganese,Manganese,,DTPA,DTPA,,"""ICP, AAS""","""ICP, AAS""",,mg/kg,mg/kg,mg/kg,,ppm,S-MN-DTPA.05,L_MODV2_SOIL_MN_002,,,"""AGQ Labs USA - Oxnard, CA""","AGQ Labs USA - Oxnard, CA",
Zinc (DTPA),,,,Zinc,Zinc,,DTPA,DTPA,,"""ICP, AAS""","""ICP, AAS""",,mg/kg,mg/kg,mg/kg,,ppm,S-ZN-DTPA.05,L_MODV2_SOIL_ZN_002,,,"""AGQ Labs USA - Oxnard, CA""","AGQ Labs USA - Oxnard, CA",
Copper (DTPA),,,,Copper,Copper,,DTPA,DTPA,,"""ICP, AAS""","""ICP, AAS""",,mg/kg,mg/kg,mg/kg,,ppm,S-CU-DTPA.05,L_MODV2_SOIL_CU_002,,,"""AGQ Labs USA - Oxnard, CA""","AGQ Labs USA - Oxnard, CA",
Boron,,,,,,,,,,,,,,,,,,,,,,"""AGQ Labs USA - Oxnard, CA""","AGQ Labs USA - Oxnard, CA",
Texture Classification,,,,,,,,,,,,,,,,,,,,,,"""AGQ Labs USA - Oxnard, CA""","AGQ Labs USA - Oxnard, CA",
"Microelements (B, Zn, Cu, Mn)",,,,,,,,,,,,,,,,,,,,,,"""AGQ Labs USA - Oxnard, CA""","AGQ Labs USA - Oxnard, CA",
Exchangeable Calcium,,,,,,,,,,,,,,,,,,,,,,"""AGQ Labs USA - Oxnard, CA""","AGQ Labs USA - Oxnard, CA",
Available Calcium,,,,,,,,,,,,,,,,,,,,,,"""AGQ Labs USA - Oxnard, CA""","AGQ Labs USA - Oxnard, CA",
Exchangeable Magnesium,,,,,,,,,,,,,,,,,,,,,,"""AGQ Labs USA - Oxnard, CA""","AGQ Labs USA - Oxnard, CA",
Available Magnesium,,,,,,,,,,,,,,,,,,,,,,"""AGQ Labs USA - Oxnard, CA""","AGQ Labs USA - Oxnard, CA",
Exchangeable Potassium,,,,,,,,,,,,,,,,,,,,,,"""AGQ Labs USA - Oxnard, CA""","AGQ Labs USA - Oxnard, CA",
Sand Tests,,,,,,,,,,,,,,,,,,,,,,"""AGQ Labs USA - Oxnard, CA""","AGQ Labs USA - Oxnard, CA",
Lime Tests,,,,,,,,,,,,,,,,,,,,,,"""AGQ Labs USA - Oxnard, CA""","AGQ Labs USA - Oxnard, CA",
Clay Tests,,,,,,,,,,,,,,,,,,,,,,"""AGQ Labs USA - Oxnard, CA""","AGQ Labs USA - Oxnard, CA",
Texture,,,,,,,,,,,,,,,,,,,,,,"""AGQ Labs USA - Oxnard, CA""","AGQ Labs USA - Oxnard, CA",
Available K,,,,,,,,,,,,,,,,,,,,,,"""AGQ Labs USA - Oxnard, CA""","AGQ Labs USA - Oxnard, CA",
Available Na,,,,,,,,,,,,,,,,,,,,,,"""AGQ Labs USA - Oxnard, CA""","AGQ Labs USA - Oxnard, CA",
pH (1:2.5 Extract),,,,pH,pH,,1:2.5 (Soil:Water),1:2.5 (Soil:Water),,H+ ISE,H+ ISE,,standard pH unit,standard pH unit,,,,S-PH-1:2.5.02.07,L_MODV2_SOIL_PH_007,,,"""AGQ Labs USA - Oxnard, CA""","AGQ Labs USA - Oxnard, CA",
Exchangeable Na,,,,,,,,,,,,,,,,,,,,,,"""AGQ Labs USA - Oxnard, CA""","AGQ Labs USA - Oxnard, CA",
Total Nitrogen (Dumas),,,,,,,,,,,,,,,,,,,,,,"""AGQ Labs USA - Oxnard, CA""","AGQ Labs USA - Oxnard, CA",
Exchangeable Aluminum,,,,,,,,,,,,,,,,,,,,,,"""AGQ Labs USA - Oxnard, CA""","AGQ Labs USA - Oxnard, CA",
KCl Exchangeable Acidity,,,,,,,,,,,,,,,,,,,,,,"""AGQ Labs USA - Oxnard, CA""","AGQ Labs USA - Oxnard, CA",
Cation Exchange Capacity (CEC) - statistical,,,,,,,,,,,,,,,,,,,,,,"""AGQ Labs USA - Oxnard, CA""","AGQ Labs USA - Oxnard, CA",
Active Lime,,,,,,,,,,,,,,,,,,,,,,"""AGQ Labs USA - Oxnard, CA""","AGQ Labs USA - Oxnard, CA",
Ca,,,,,,,,,,,,,,,,,,,,,,"""AGQ Labs USA - Oxnard, CA""","AGQ Labs USA - Oxnard, CA",
Mg,,,,,,,,,,,,,,,,,,,,,,"""AGQ Labs USA - Oxnard, CA""","AGQ Labs USA - Oxnard, CA",
K,,,,,,,,,,,,,,,,,,,,,,"""AGQ Labs USA - Oxnard, CA""","AGQ Labs USA - Oxnard, CA",
pH (2.5),,,,,,,,,,,,,,,,,,,,,,"""AGQ Labs USA - Oxnard, CA""","AGQ Labs USA - Oxnard, CA",
Total Nitrogen,,,,,,,,,,,,,,,,,,,,,,"""AGQ Labs USA - Oxnard, CA""","AGQ Labs USA - Oxnard, CA",
"Available Phosphorus (Olsen, Bray (pH 6))",,,,,,,,,,,,,,,,,,,,,,"""AGQ Labs USA - Oxnard, CA""","AGQ Labs USA - Oxnard, CA",
C/N Ratio,,,,,,,,,,,,,,,,,,,,,,"""AGQ Labs USA - Oxnard, CA""","AGQ Labs USA - Oxnard, CA",
Electrical Conductivity (1:5),,,,Electrical Conductivity,Electrical Conductivity,,EC 1:5 Ratio,EC 1:5 Ratio,,Conductivity,Conductivity,,dS/m,dS/m,dS/m,,mmho/cm,S-EC-1:5.03,L_MODV2_SOIL_EC_003,,,"""AGQ Labs USA - Oxnard, CA""","AGQ Labs USA - Oxnard, CA",
Organic Matter,,,,,,,,,,,,,,,,,,,,,,"""AGQ Labs USA - Oxnard, CA""","AGQ Labs USA - Oxnard, CA",
Soil pH,,,,,,,,,,,,,,,,,,,,,Need more info from lab,"""Agri-Labs, Inc. - Auburn, IN""","Agri-Labs, Inc. - Auburn, IN",
Buffer pH,,,,,,,,,,,,,,,,,,,,,Need more info from lab,"""Agri-Labs, Inc. - Auburn, IN""","Agri-Labs, Inc. - Auburn, IN",
CEC,,,,,,,,,,,,,,,,,,,,,Need more info from lab,"""Agri-Labs, Inc. - Auburn, IN""","Agri-Labs, Inc. - Auburn, IN",
POTASSIUM (K),,,,,,,,,,,,,,,,,,,,,Need more info from lab,"""Agri-Labs, Inc. - Auburn, IN""","Agri-Labs, Inc. - Auburn, IN",
PHOSPHORUS (P1),,,,,,,,,,,,,,,,,,,,Bray 1 Equivalent,Need more info from lab,"""Agri-Labs, Inc. - Auburn, IN""","Agri-Labs, Inc. - Auburn, IN",
CALCIUM (Ca),,,,,,,,,,,,,,,,,,,,Ammonium Acetate,Need more info from lab,"""Agri-Labs, Inc. - Auburn, IN""","Agri-Labs, Inc. - Auburn, IN",
MAGNESIUM (Mg),,,,,,,,,,,,,,,,,,,,Ammonium Acetate,Need more info from lab,"""Agri-Labs, Inc. - Auburn, IN""","Agri-Labs, Inc. - Auburn, IN",
ZINC (Zn),,,,,,,,,,,,,,,,,,,,,Need more info from lab,"""Agri-Labs, Inc. - Auburn, IN""","Agri-Labs, Inc. - Auburn, IN",
MANGANESE (Mn),,,,,,,,,,,,,,,,,,,,,Need more info from lab,"""Agri-Labs, Inc. - Auburn, IN""","Agri-Labs, Inc. - Auburn, IN",
SULFUR (S),,,,,,,,,,,,,,,,,,,,,Need more info from lab,"""Agri-Labs, Inc. - Auburn, IN""","Agri-Labs, Inc. - Auburn, IN",
BORON (B),,,,,,,,,,,,,,,,,,,,,Need more info from lab,"""Agri-Labs, Inc. - Auburn, IN""","Agri-Labs, Inc. - Auburn, IN",
Organic Matter (OM),,,,,,,,,,,,,,,,,,,,Estimated,Need more info from lab,"""Agri-Labs, Inc. - Auburn, IN""","Agri-Labs, Inc. - Auburn, IN",
PSNT (Pre-Sidedress Nitrogen Test),,,,,,,,,,,,,,,,,,,,,Need more info from lab,"""Agri-Labs, Inc. - Auburn, IN""","Agri-Labs, Inc. - Auburn, IN",
Soil pH,,,,pH,pH,,1:1 soil:water ,1:1 soil:water ,,H+ ISE,H+ ISE,,standard pH unit,standard pH unit,,,,S-PH-1:1.02.07,L_MODV2_SOIL_PH_005,,Need more info from lab,"""AgroLab, Inc. - Harrington, DE""","AgroLab, Inc. - Harrington, DE",
Buffer pH,,,,,,,,,,,,,,,,,,,,,Need more info from lab,"""AgroLab, Inc. - Harrington, DE""","AgroLab, Inc. - Harrington, DE",
Organic matter (%),,,,,,,,,,,,,,,,,,,,,Need more info from lab,"""AgroLab, Inc. - Harrington, DE""","AgroLab, Inc. - Harrington, DE",
Cation exchange capacity/sum of the cations (meq/100g),,,,,,,,,,,,,,,,,,,,,Need more info from lab,"""AgroLab, Inc. - Harrington, DE""","AgroLab, Inc. - Harrington, DE",
Phosphorus (ppm P),,,,,,,,,,,,,,,,,,,,,Need more info from lab,"""AgroLab, Inc. - Harrington, DE""","AgroLab, Inc. - Harrington, DE",
Phosphorus Saturation Ratio,,,,,,,,,,,,,,,,,,,,,Need more info from lab,"""AgroLab, Inc. - Harrington, DE""","AgroLab, Inc. - Harrington, DE",
Potassium (ppm K),,,,,,,,,,,,,,,,,,,,,Need more info from lab,"""AgroLab, Inc. - Harrington, DE""","AgroLab, Inc. - Harrington, DE",
Calcium (ppm Ca),,,,,,,,,,,,,,,,,,,,,Need more info from lab,"""AgroLab, Inc. - Harrington, DE""","AgroLab, Inc. - Harrington, DE",
Magnesium (ppm Mg),,,,,,,,,,,,,,,,,,,,,Need more info from lab,"""AgroLab, Inc. - Harrington, DE""","AgroLab, Inc. - Harrington, DE",
Cation base saturations,,,,,,,,,,,,,,,,,,,,,Need more info from lab,"""AgroLab, Inc. - Harrington, DE""","AgroLab, Inc. - Harrington, DE",
Sulfur (ppm SO4-S),,,,,,,,,,,,,,,,,,,,,Need more info from lab,"""AgroLab, Inc. - Harrington, DE""","AgroLab, Inc. - Harrington, DE",
Manganese (ppm Mn),,,,,,,,,,,,,,,,,,,,,Need more info from lab,"""AgroLab, Inc. - Harrington, DE""","AgroLab, Inc. - Harrington, DE",
Zinc (ppm Zn),,,,,,,,,,,,,,,,,,,,,Need more info from lab,"""AgroLab, Inc. - Harrington, DE""","AgroLab, Inc. - Harrington, DE",
 Boron (ppm B),,,,,,,,,,,,,,,,,,,,,Need more info from lab,"""AgroLab, Inc. - Harrington, DE""","AgroLab, Inc. - Harrington, DE",
Copper (ppm Cu),,,,,,,,,,,,,,,,,,,,,Need more info from lab,"""AgroLab, Inc. - Harrington, DE""","AgroLab, Inc. - Harrington, DE",
Iron (ppm Fe),,,,,,,,,,,,,,,,,,,,,Need more info from lab,"""AgroLab, Inc. - Harrington, DE""","AgroLab, Inc. - Harrington, DE",
Sodium (ppm Na),,,,,,,,,,,,,,,,,,,,,Need more info from lab,"""AgroLab, Inc. - Harrington, DE""","AgroLab, Inc. - Harrington, DE",
Aluminum (ppm Al),,,,,,,,,,,,,,,,,,,,,Need more info from lab,"""AgroLab, Inc. - Harrington, DE""","AgroLab, Inc. - Harrington, DE",
Soluble Salts (mmho/cm),,,,,,,,,,,,,,,,,,,,,Need more info from lab,"""AgroLab, Inc. - Harrington, DE""","AgroLab, Inc. - Harrington, DE",
Nitrate (NO3-N),,,,,,,,,,,,,,,,,,,,,Need more info from lab,"""AgroLab, Inc. - Harrington, DE""","AgroLab, Inc. - Harrington, DE",
Ammonium (NH4-N),,,,,,,,,,,,,,,,,,,,,Need more info from lab,"""AgroLab, Inc. - Harrington, DE""","AgroLab, Inc. - Harrington, DE",
% sand,,,,,,,,,,,,,,,,,,,,,Need more info from lab,"""AgroLab, Inc. - Harrington, DE""","AgroLab, Inc. - Harrington, DE",
% silt,,,,,,,,,,,,,,,,,,,,,Need more info from lab,"""AgroLab, Inc. - Harrington, DE""","AgroLab, Inc. - Harrington, DE",
% silt,,,,,,,,,,,,,,,,,,,,,Need more info from lab,"""AgroLab, Inc. - Harrington, DE""","AgroLab, Inc. - Harrington, DE",
USDA soil classification,,,,USDA Soil Classification,USDA Soil Classification,,,,,,,,,,,,,S-USDA-soil.class-OT,,,Need more info from lab,"""AgroLab, Inc. - Harrington, DE""","AgroLab, Inc. - Harrington, DE",
Mehlich III nutrients,,,,,,,,,,,,,,,,,,,,,Need more info from lab,"""AgroLab, Inc. - Harrington, DE""","AgroLab, Inc. - Harrington, DE",
particle size separation % retained,,,,,,,,,,,,,,,,,,,,,Need more info from lab,"""AgroLab, Inc. - Harrington, DE""","AgroLab, Inc. - Harrington, DE",
particle size separation % passing,,,,,,,,,,,,,,,,,,,,,Need more info from lab,"""AgroLab, Inc. - Harrington, DE""","AgroLab, Inc. - Harrington, DE",
Total N,,,,,,,,,,,,,,,,,,,,COME BACK TO REVIEW PACKAGE,Need more info from lab,"""AgroLab, Inc. - Harrington, DE""","AgroLab, Inc. - Harrington, DE",
total P,,,,,,,,,,,,,,,,,,,,COME BACK TO REVIEW PACKAGE,Need more info from lab,"""AgroLab, Inc. - Harrington, DE""","AgroLab, Inc. - Harrington, DE",
Solvita soil health,,,,,,,,,,,,,,,,,,,,COME BACK TO REVIEW PACKAGE,Need more info from lab,"""AgroLab, Inc. - Harrington, DE""","AgroLab, Inc. - Harrington, DE",
Modified Morgan extraction,,,,,,,,,,,,,,,,,,,,COME BACK TO REVIEW PACKAGE,Need more info from lab,"""AgroLab, Inc. - Harrington, DE""","AgroLab, Inc. - Harrington, DE",
water extraction,,,,,,,,,,,,,,,,,,,,COME BACK TO REVIEW PACKAGE,Need more info from lab,"""AgroLab, Inc. - Harrington, DE""","AgroLab, Inc. - Harrington, DE",
dissolved phosphorus,,,,,,,,,,,,,,,,,,,,COME BACK TO REVIEW PACKAGE,Need more info from lab,"""AgroLab, Inc. - Harrington, DE""","AgroLab, Inc. - Harrington, DE",
saturated paste,,,,,,,,,,,,,,,,,,,,COME BACK TO REVIEW PACKAGE,Need more info from lab,"""AgroLab, Inc. - Harrington, DE""","AgroLab, Inc. - Harrington, DE",
pH,,,,,,,,,,,,,,,,,,,,,,"""AgSource - Harris, Lincoln, NE""","AgSource - Harris, Lincoln, NE",
buffer pH,,,,,,,,,,,,,,,,,,,,,,"""AgSource - Harris, Lincoln, NE""","AgSource - Harris, Lincoln, NE",
soluble salt,,,,,,,,,,,,,,,,,,,,,,"""AgSource - Harris, Lincoln, NE""","AgSource - Harris, Lincoln, NE",
excess carbonate,,,,,,,,,,,,,,,,,,,,,,"""AgSource - Harris, Lincoln, NE""","AgSource - Harris, Lincoln, NE",
organic matter,,,,,,,,,,,,,,,,,,,,,,"""AgSource - Harris, Lincoln, NE""","AgSource - Harris, Lincoln, NE",
sodium,,,,,,,,,,,,,,,,,,,,,,"""AgSource - Harris, Lincoln, NE""","AgSource - Harris, Lincoln, NE",
phosphorus,,,,,,,,,,,,,,,,,,,,,,"""AgSource - Harris, Lincoln, NE""","AgSource - Harris, Lincoln, NE",
potassium,,,,,,,,,,,,,,,,,,,,,,"""AgSource - Harris, Lincoln, NE""","AgSource - Harris, Lincoln, NE",
magnesium,,,,,,,,,,,,,,,,,,,,,,"""AgSource - Harris, Lincoln, NE""","AgSource - Harris, Lincoln, NE",
calcium,,,,,,,,,,,,,,,,,,,,,,"""AgSource - Harris, Lincoln, NE""","AgSource - Harris, Lincoln, NE",
CEC,,,,,,,,,,,,,,,,,,,,,,"""AgSource - Harris, Lincoln, NE""","AgSource - Harris, Lincoln, NE",
percent base saturation,,,,,,,,,,,,,,,,,,,,,,"""AgSource - Harris, Lincoln, NE""","AgSource - Harris, Lincoln, NE",
nitrate,,,,,,,,,,,,,,,,,,,,,,"""AgSource - Harris, Lincoln, NE""","AgSource - Harris, Lincoln, NE",
sulfur,,,,,,,,,,,,,,,,,,,,,,"""AgSource - Harris, Lincoln, NE""","AgSource - Harris, Lincoln, NE",
zinc,,,,,,,,,,,,,,,,,,,,,,"""AgSource - Harris, Lincoln, NE""","AgSource - Harris, Lincoln, NE",
manganese,,,,,,,,,,,,,,,,,,,,,,"""AgSource - Harris, Lincoln, NE""","AgSource - Harris, Lincoln, NE",
copper,,,,,,,,,,,,,,,,,,,,,,"""AgSource - Harris, Lincoln, NE""","AgSource - Harris, Lincoln, NE",
iron,,,,,,,,,,,,,,,,,,,,,,"""AgSource - Harris, Lincoln, NE""","AgSource - Harris, Lincoln, NE",
boron,,,,,,,,,,,,,,,,,,,,,,"""AgSource - Harris, Lincoln, NE""","AgSource - Harris, Lincoln, NE",
Particle Size Analysis,,,,,,,,,,,,,,,,,,,,,,"""AgSource - Harris, Lincoln, NE""","AgSource - Harris, Lincoln, NE",
Saturated Paste Extract (salinity),,,,,,,,,,,,,,,,,,,,,,"""AgSource - Harris, Lincoln, NE""","AgSource - Harris, Lincoln, NE",
Soybean Cyst Nematode,,,,,,,,,,,,,,,,,,,,,,"""AgSource - Harris, Lincoln, NE""","AgSource - Harris, Lincoln, NE",
Late Spring/Pre-Sidedress Nitrate Testing – option to add ammonia,,,,,,,,,,,,,,,,,,,,,,"""AgSource - Harris, Lincoln, NE""","AgSource - Harris, Lincoln, NE",
"Haney H3A Extraction: : Orthophosphate-P, Phosphorus, Potassium, Calcium, Iron and Aluminum",,,,,,,,,,,,,,,,,,,,,,"""AgSource - Harris, Lincoln, NE""","AgSource - Harris, Lincoln, NE",
CO2 Respiration,,,,,,,,,,,,,,,,,,,,,,"""AgSource - Harris, Lincoln, NE""","AgSource - Harris, Lincoln, NE",
C:N Ratio,,,,,,,,,,,,,,,,,,,,,,"""AgSource - Harris, Lincoln, NE""","AgSource - Harris, Lincoln, NE",
Carbon,,,,,,,,,,,,,,,,,,,,,,"""AgSource - Harris, Lincoln, NE""","AgSource - Harris, Lincoln, NE",
Total Nitrogen,,,,,,,,,,,,,,,,,,,,,,"""AgSource - Harris, Lincoln, NE""","AgSource - Harris, Lincoln, NE",
Nitrate-N,,,,,,,,,,,,,,,,,,,,,,"""AgSource - Harris, Lincoln, NE""","AgSource - Harris, Lincoln, NE",
Ammoniacal-N,,,,,,,,,,,,,,,,,,,,,,"""AgSource - Harris, Lincoln, NE""","AgSource - Harris, Lincoln, NE",
Orthophosphate-P,,,,,,,,,,,,,,,,,,,,Haney H3A Extraction measures much of what is already included in the tests: could they be using different methods for these grouped tests? Should I lay them all out separate?,,"""AgSource - Harris, Lincoln, NE""","AgSource - Harris, Lincoln, NE",
Water Saturation %,,,,,,,,,,,,,,,,,,,,,,"""AgSource - Harris, Lincoln, NE""","AgSource - Harris, Lincoln, NE",
NITRATE-NITROGEN,,,,,,,,,,,,,,,,,,,,,,"""AGVISE Laboratories - Benson, MN;""","AGVISE Laboratories - Benson, MN;",
PHOSPHORUS (BRAY/OLSEN),,,,,,,,,,,,,,,,,,,,,,"""AGVISE Laboratories - Benson, MN;""","AGVISE Laboratories - Benson, MN;",
POTASSIUM,,,,,,,,,,,,,,,,,,,,,,"""AGVISE Laboratories - Benson, MN;""","AGVISE Laboratories - Benson, MN;",
SULFATE-SULFUR,,,,,,,,,,,,,,,,,,,,,,"""AGVISE Laboratories - Benson, MN;""","AGVISE Laboratories - Benson, MN;",
CALCIUM,,,,,,,,,,,,,,,,,,,,,,"""AGVISE Laboratories - Benson, MN;""","AGVISE Laboratories - Benson, MN;",
MAGNESIUM,,,,,,,,,,,,,,,,,,,,,,"""AGVISE Laboratories - Benson, MN;""","AGVISE Laboratories - Benson, MN;",
SODIUM,,,,,,,,,,,,,,,,,,,,,,"""AGVISE Laboratories - Benson, MN;""","AGVISE Laboratories - Benson, MN;",
BORON,,,,,,,,,,,,,,,,,,,,,,"""AGVISE Laboratories - Benson, MN;""","AGVISE Laboratories - Benson, MN;",
CHLORIDE,,,,,,,,,,,,,,,,,,,,,,"""AGVISE Laboratories - Benson, MN;""","AGVISE Laboratories - Benson, MN;",
COPPER,,,,,,,,,,,,,,,,,,,,,,"""AGVISE Laboratories - Benson, MN;""","AGVISE Laboratories - Benson, MN;",
IRON,,,,,,,,,,,,,,,,,,,,,,"""AGVISE Laboratories - Benson, MN;""","AGVISE Laboratories - Benson, MN;",
MANGANESE,,,,,,,,,,,,,,,,,,,,,,"""AGVISE Laboratories - Benson, MN;""","AGVISE Laboratories - Benson, MN;",
ZINC,,,,,,,,,,,,,,,,,,,,,,"""AGVISE Laboratories - Benson, MN;""","AGVISE Laboratories - Benson, MN;",
PH2,,,,,,,,,,,,,,,,,,,,,,"""AGVISE Laboratories - Benson, MN;""","AGVISE Laboratories - Benson, MN;",
SOLUBLE SALTS (EC),,,,,,,,,,,,,,,,,,,,,,"""AGVISE Laboratories - Benson, MN;""","AGVISE Laboratories - Benson, MN;",
ORGANIC MATTER,,,,,,,,,,,,,,,,,,,,,,"""AGVISE Laboratories - Benson, MN;""","AGVISE Laboratories - Benson, MN;",
CARBONATE,,,,,,,,,,,,,,,,,,,,,,"""AGVISE Laboratories - Benson, MN;""","AGVISE Laboratories - Benson, MN;",
CEC,,,,,,,,,,,,,,,,,,,,,,"""AGVISE Laboratories - Benson, MN;""","AGVISE Laboratories - Benson, MN;",
BASE SATURATION,,,,,,,,,,,,,,,,,,,,,,"""AGVISE Laboratories - Benson, MN;""","AGVISE Laboratories - Benson, MN;",
CO2 RESPIRATION,,,,CO2 Respiration,CO2 Respiration,,CO2 Respiration,CO2 Respiration,,Solvita 24 Respiration,Solvita 24 Respiration,,%,%,%,,,S-CO2-RESP.01,L_MODV2_SOIL_CO2RESP_001,4-day CO2 respiration included as well but measurement method is unclear,Need more info from lab,"""AGVISE Laboratories - Benson, MN;""","AGVISE Laboratories - Benson, MN;",
ACTIVE CARBON,,,,"""Carbon, Active""","""Carbon, Active""",,KMnO4,KMnO4,,Spectrophotometric,Spectrophotometric,,mg/kg,mg/kg,mg/kg,,ppm,S-AC-KMNO4.01,L_MODV2_SOIL_MNO4OXC_001,,,"""AGVISE Laboratories - Benson, MN;""","AGVISE Laboratories - Benson, MN;",
TOTAL ORGANIC CARBON,,,,,,,,,,,,,,,,,,,,,,"""AGVISE Laboratories - Benson, MN;""","AGVISE Laboratories - Benson, MN;",
BIOAVAILABLE NITROGEN,,,,Bioavailable nitrogen,Bioavailable nitrogen,,Bicinchoninic Acid Protein Assay,Bicinchoninic Acid Protein Assay,,Calculated,Calculated,,g/kg,g/kg,mg/g,,,S-SP-ACE-OT,L_MODV2_SOIL_ACEN_001,,,"""AGVISE Laboratories - Benson, MN;""","AGVISE Laboratories - Benson, MN;",
SOIL AGGREGATE STABILITY,,,,Aggregate Stability,Aggregate Stability,,Sieve,Sieve,,Calculated,Calculated,,,,,,,S-AS-WAS-OT,,,,"""AGVISE Laboratories - Benson, MN;""","AGVISE Laboratories - Benson, MN;",
SAND CORRECTION,,,,,,,,,,,,,,,,,,,,,,"""AGVISE Laboratories - Benson, MN;""","AGVISE Laboratories - Benson, MN;",
pH,,,,pH,pH,,1:2 soil:water ,1:2 soil:water ,,H+ ISE,H+ ISE,,standard pH unit,standard pH unit,,,,S-PH-1:2.02.07,L_MODV2_SOIL_PH_006,,,BI labs,BI labs,
LOI,,,,Organic Matter,Organic Matter,,Loss-on-Ignition ,Loss-on-Ignition ,,Gravimetric,Gravimetric,,%,%,%,,,S-SOM-LOI.15,L_MODV2_SOIL_OM_004,,,BI labs,BI labs,
Respiration,,,,CO2 Respiration,CO2 Respiration,,CO2 Respiration,CO2 Respiration,,Solvita 24 Respiration,Solvita 24 Respiration,,%,%,%,,,S-CO2-RESP.01,L_MODV2_SOIL_CO2RESP_001,,,BI labs,BI labs,
Antioxidants,,,,,,,,,,,,,,,,,,,,,Botanical,BI labs,BI labs,
Polyphenols,,,,,,,,,,,,,,,,,,,,,Botanical,BI labs,BI labs,
Brix,,,,,,,,,,,,,,,,,,,,,Botanical,BI labs,BI labs,
Dry weight,,,,,,,,,,,,,,,,,,,,,Botanical,BI labs,BI labs,
Ca,,,,,,,,,,,,,,,,,,,,,Botanical,BI labs,BI labs,
Cu,,,,,,,,,,,,,,,,,,,,,Botanical,BI labs,BI labs,
Fe,,,,,,,,,,,,,,,,,,,,,Botanical,BI labs,BI labs,
K,,,,,,,,,,,,,,,,,,,,,Botanical,BI labs,BI labs,
Mg,,,,,,,,,,,,,,,,,,,,,Botanical,BI labs,BI labs,
Mn,,,,,,,,,,,,,,,,,,,,,Botanical,BI labs,BI labs,
P,,,,,,,,,,,,,,,,,,,,,Botanical,BI labs,BI labs,
Zn,,,,,,,,,,,,,,,,,,,,,Botanical,BI labs,BI labs,
Predicted autoclave-citrate extractable (ACE) protein test,,,,,,,,,,,,,,,,,,,,this is a predicted value using the outputs from other tests: https://bpb-us-e1.wpmucdn.com/blogs.cornell.edu/dist/7/9922/files/2023/02/CASH_SH_Series_Predicted-Protein_FINAL-4-5-22-update.pdf,"Not in MODUS,Need more info from lab",Cornell Soil Health Lab,Cornell Soil Health Lab,
Electrical Conductivity (Soluble Salts),,,,Electrical Conductivity,Electrical Conductivity,,EC 1:2 Ratio,EC 1:2 Ratio,,Conductivity,Conductivity,,dS/m,dS/m,dS/m,,mmho/cm,S-EC-1:2.03,L_MODV2_SOIL_EC_002,,,Cornell Soil Health Lab,Cornell Soil Health Lab,
Laboratory Analysis Autoclave-Citrate Extractable (ACE) protein test,,"ACE Soil Protein Index,protein",,Bioavailable nitrogen,Bioavailable nitrogen,,Bicinchoninic Acid Protein Assay,Bicinchoninic Acid Protein Assay,,Calculated,Calculated,,g/kg,g/kg,mg/g,,,S-SP-ACE-OT,L_MODV2_SOIL_ACEN_001,https://cpb-us-e1.wpmucdn.com/blogs.cornell.edu/dist/7/9922/files/2021/11/09bPredicted-Protein.pdf,Need more info from lab,Cornell Soil Health Lab,Cornell Soil Health Lab,
Soil Texture,,"Measured Soil Textural Class,texture",,Textural Classification,Textural Classification,,Sieve and Sedimentation,Sieve and Sedimentation,,Texture Autolookup,Texture Autolookup,,,,,,,S-TEXTURE-SS-TA-USDA-OT,,,Need more info from lab,Cornell Soil Health Lab,Cornell Soil Health Lab,
Soil Respiration,,Soil Respiration,,CO2 Respiration,CO2 Respiration,,CO2 Respiration,CO2 Respiration,,Solvita 24 Respiration,Solvita 24 Respiration,,%,%,%,,,S-CO2-RESP.01,L_MODV2_SOIL_CO2RESP_001,,,Cornell Soil Health Lab,Cornell Soil Health Lab,
Predicted available water capacity,,"Available Water Capacity,AWC 0.1-15",,,,,,,,,,,,,,,,,,this is a predicted value using both moisture methods https://cpb-us-e1.wpmucdn.com/blogs.cornell.edu/dist/7/9922/files/2021/11/05_AWC.pdf,"Need more info from lab,Not in MODUS",Cornell Soil Health Lab,Cornell Soil Health Lab,
Soil pH,,Soil pH,,pH,pH,,1:2 soil:water ,1:2 soil:water ,,H+ ISE,H+ ISE,,standard pH unit,standard pH unit,,,,S-PH-1:2.02.07,L_MODV2_SOIL_PH_006,,,Cornell Soil Health Lab,Cornell Soil Health Lab,
Organic Matter,,"Organic Matter,Loss on Ignition %",,Organic Matter,Organic Matter,,Loss-on-Ignition ,Loss-on-Ignition ,,Gravimetric,Gravimetric,,%,%,%,,,S-SOM-LOI.15,L_MODV2_SOIL_OM_004,,,Cornell Soil Health Lab,Cornell Soil Health Lab,
Modified Morgan Extractable P,,"Extractable Phosphorus,Phosphorus",,,,,,,,,,,mg/kg,mg/kg,,,ppm,,L_MODV2_SOIL_P_036,,,Cornell Soil Health Lab,Cornell Soil Health Lab,
Modified Morgan Extractable K,,"Extractable Potassium,Potassium",,Potassium,Potassium,,Modified Morgan,Modified Morgan,,"""ICP, AAS""","""ICP, AAS""",,mg/kg,mg/kg,mg/kg,,ppm,S-K-MMOR.05,L_MODV2_SOIL_K_034,,,Cornell Soil Health Lab,Cornell Soil Health Lab,
Modified Morgan Extractable Micronutrients,,"Minor Elements,Additional nutrients score",,,,,,,,,,,,,,,,,,this is a scored value made up by Cornel,"Need more info from lab,Not in MODUS",Cornell Soil Health Lab,Cornell Soil Health Lab,
Wet Aggregate Stability,,"Aggregate Stability,wet aggregate stability",,Aggregate Stability,Aggregate Stability,,Sieve,Sieve,,Calculated,Calculated,,,,,,,S-AS-WAS-OT,,,,Cornell Soil Health Lab,Cornell Soil Health Lab,
Active Carbon,,Active Carbon,,"""Carbon, Active""","""Carbon, Active""",,KMnO4,KMnO4,,Spectrophotometric,Spectrophotometric,,mg/kg,mg/kg,mg/kg,,ppm,S-AC-KMNO4.01,L_MODV2_SOIL_MNO4OXC_001,,,Cornell Soil Health Lab,Cornell Soil Health Lab,
Total Carbon,,Total C,,Total Carbon,Total Carbon,,Dry Combustion,Dry Combustion,,Gravimetric,Gravimetric,,%,%,%,,,S-TC-COMB.15,L_MODV2_SOIL_TC_001,,,Cornell Soil Health Lab,Cornell Soil Health Lab,
Total Nitrogen,,Total N,,"""Nitrogen, Total""","""Nitrogen, Total""",,Combustion Analyzer,Combustion Analyzer,,Combustion Analyzer,Combustion Analyzer,,%,%,%,,,S-TN.16,L_MODV2_SOIL_TN_002,,,Cornell Soil Health Lab,Cornell Soil Health Lab,
Total Carbon:Total Nitrogen,,,,Total Carbon:Total Nitrogen,Total Carbon:Total Nitrogen,,Dry Combustion,Dry Combustion,,Calculated,Calculated,,none,none,,,,S-TC:TN.19,L_MODV2_SOIL_TCTN_001,,,Cornell Soil Health Lab,Cornell Soil Health Lab,
Surface hardness,,Surface Hardness,,,,,,,,,,,,,,,,,,,"Need more info from lab,Not in MODUS",Cornell Soil Health Lab,Cornell Soil Health Lab,
Sub-surface hardness,,Subsurface Hardness,,,,,,,,,,,,,,,,,,,"Need more info from lab,Not in MODUS",Cornell Soil Health Lab,Cornell Soil Health Lab,
Soil Texture Sand,,"Sand,sand%",,Sand,Sand,,Sieve,Sieve,,Calculated,Calculated,,%,%,%,,,S-SAND-SV.19,L_MODV2_SOIL_SAND_001,,,Cornell Soil Health Lab,Cornell Soil Health Lab,
Soil Texture Silt,,"Silt,silt%",,Silt,Silt,,Sedimentation,Sedimentation,,Gravimeteric,Gravimeteric,,%,%,%,,,S-SILT-ST-OT,L_MODV2_SOIL_SILT_004,,,Cornell Soil Health Lab,Cornell Soil Health Lab,
Soil Texture Clay,,Clay.clay%,,Clay,Clay,,Sedimentation,Sedimentation,,Gravimetric,Gravimetric,,%,%,%,,,S-CLAY-ST-OT,L_MODV2_SOIL_CLAY_004,,,Cornell Soil Health Lab,Cornell Soil Health Lab,
CO2 (RESP) 4 day,,4-day respiration,,CO2 Respiration,CO2 Respiration,,CO2 Respiration,CO2 Respiration,,conductivty,conductivty,,,,mg/g,,,S-CO2-RESP-4DAY-C-OT,,,Need more info from lab,Cornell Soil Health Lab,Cornell Soil Health Lab,
Modified Morgan Extractable Cu,,Copper,,Cu (Mod Morgan),Cu (Mod Morgan),,Modified Morgan,Modified Morgan,,ICP,ICP,,mg/kg,mg/kg,mg/kg,,ppm,S-Cu-MMOR-OT,L_MODV2_SOIL_CU_017,,,Cornell Soil Health Lab,Cornell Soil Health Lab,
Modified Morgan Extractable Fe,,Iron,,Fe (Mod Morgan),Fe (Mod Morgan),,Modified Morgan,Modified Morgan,,ICP,ICP,,,,mg/kg,,,S-Fe-MMOR-OT,,,Need more info from lab,Cornell Soil Health Lab,Cornell Soil Health Lab,
Modified Morgan Extractable Mg,,Magnesium,,Magnesium,Magnesium,,Modified Morgan,Modified Morgan,,"""ICP, AAS""","""ICP, AAS""",,mg/kg,mg/kg,mg/kg,,ppm,S-MG-MMOR.05,L_MODV2_SOIL_MG_024,,,Cornell Soil Health Lab,Cornell Soil Health Lab,
Modified Morgan Extractable Mn,,Manganese,,Mn (Mod Morgan),Mn (Mod Morgan),,Modified Morgan,Modified Morgan,,ICP,ICP,,mg/kg,mg/kg,mg/kg,,ppm,S-Mn-MMOR-OT,L_MODV2_SOIL_MN_017,,,Cornell Soil Health Lab,Cornell Soil Health Lab,
Moisture,,soil moisture 15bar,,Moisture,Moisture,,15 Bar Moisture Tension,15 Bar Moisture Tension,,Pressure Plate,Pressure Plate,,%,%,%,,in/ft,S-15BAR.14,L_MODV2_SOIL_GWC_15BAR_001,,,Cornell Soil Health Lab,Cornell Soil Health Lab,
Modified Morgan Extractable Zn,,Zinc,,Zn (Mod Morgan),Zn (Mod Morgan),,Modified Morgan,Modified Morgan,,ICP,ICP,,mg/kg,mg/kg,mg/kg,,ppm,S-Zn-MMOR-OT,L_MODV2_SOIL_ZN_018,,,Cornell Soil Health Lab,Cornell Soil Health Lab,
Modified Morgan Extractable Al,,Aluminum,,Al (Mod Morgan),Al (Mod Morgan),,Modified Morgan,Modified Morgan,,ICP,ICP,,,,mg/kg,,,S-Al-MMOR-OT,,,Need more info from lab,Cornell Soil Health Lab,Cornell Soil Health Lab,
Modified Morgan Extractable Ca,,Calcium,,Calcium,Calcium,,Modified Morgan,Modified Morgan,,"""ICP, AAS""","""ICP, AAS""",,mg/kg,mg/kg,mg/kg,,ppm,S-CA-MMOR.05,L_MODV2_SOIL_CA_024,,,Cornell Soil Health Lab,Cornell Soil Health Lab,
Modified Morgan Extractable S,,Sulfer,,Sulfur,Sulfur,,Ammonium Acetate,Ammonium Acetate,,ICP,ICP,,mg/kg,mg/kg,mg/kg,,ppm,S-S-NH4AC.05,L_MODV2_SOIL_S_002,,,Cornell Soil Health Lab,Cornell Soil Health Lab,
Modified Morgan Extractable B,,Boron,,B (Mod Morgan),B (Mod Morgan),,Modified Morgan,Modified Morgan,,ICP,ICP,,,,mg/kg,,,S-B-MMOR-OT,,,Need more info from lab,Cornell Soil Health Lab,Cornell Soil Health Lab,
Potential Oxidizable Carbon,,,,Potential Oxidizable Carbon,Potential Oxidizable Carbon,,permanganate oxidizable carbon ,permanganate oxidizable carbon ,,Spectrophotometric,Spectrophotometric,,mg/kg,mg/kg,mg/kg,,ppm,S-POXC.01.0,L_MODV2_SOIL_POTOXC_001,,,Cornell Soil Health Lab,Cornell Soil Health Lab,
Bulk Density,,,,,,,,,,,,,g/cm3,g/cm3,,,,,L_MODV2_SOIL_BD_003,,Need more info from lab,Cornell Soil Health Lab,Cornell Soil Health Lab,
Carbonate,,,,Carbonate,Carbonate,,Acid Reaction,Acid Reaction,,Calcimetry,Calcimetry,,,,,,,S-CO3-AR-C-OT,,,Need more info from lab,Cornell Soil Health Lab,Cornell Soil Health Lab,
Root Pathogen Pressure,,,,,,,,,,,,,,,,,,,,,,Cornell Soil Health Lab,Cornell Soil Health Lab,
Soil Organic Carbon,,Soil Organic Carbon,,,,,,,,,,,,,,,,,,,,Cornell Soil Health Lab,Cornell Soil Health Lab,
Moisture,,soil moisture 0.1bar,,Moisture,Moisture,,0.1 Bar Moisture Tension,0.1 Bar Moisture Tension,,Pressure Plate,Pressure Plate,,,,%,,,S-MOIST-0.1BMT-PP-OT,,,,Cornell Soil Health Lab,Cornell Soil Health Lab,
Total Exchange Capacity,,,,Cation Exchange Capacity,Cation Exchange Capacity,,Displacement - Ammonium Acetate,Displacement - Ammonium Acetate,,ICP-OES,ICP-OES,,mg/kg,mg/kg,cmol/kg,,ppm,S-CEC-AA.23,L_MODV2_SOIL_CEC_001,,Need more info from lab,Logan Labs,Logan Labs,
% Base saturation Ca,,,,Base Saturation - Ca,Base Saturation - Ca,,EPA 3050 Digestion Acid Recoverable,EPA 3050 Digestion Acid Recoverable,,Calculated,Calculated,,%,%,%,,,S-BS-CA.19,L_MODV2_SOIL_CABS_001,,,Logan Labs,Logan Labs,
% Base saturation Mg,,,,Base Saturation - Mg,Base Saturation - Mg,,EPA 3050 Digestion Acid Recoverable,EPA 3050 Digestion Acid Recoverable,,Calculated,Calculated,,%,%,%,,,S-BS-MG.19,L_MODV2_SOIL_MGBS_001,,,Logan Labs,Logan Labs,
% Base saturation K,,,,Base Saturation - K,Base Saturation - K,,EPA 3050 Digestion Acid Recoverable,EPA 3050 Digestion Acid Recoverable,,Calculated,Calculated,,%,%,%,,,S-BS-K.19,L_MODV2_SOIL_KBS_001,,,Logan Labs,Logan Labs,
% Base saturation Na,,,,Base Saturation - Na,Base Saturation - Na,,EPA 3050 Digestion Acid Recoverable,EPA 3050 Digestion Acid Recoverable,,Calculated,Calculated,,%,%,%,,,S-BS-NA.19,L_MODV2_SOIL_NABS_001,,,Logan Labs,Logan Labs,
Soluble Salts,,,,Soluble Salts,Soluble Salts,,5:1 Water Extraction,5:1 Water Extraction,,Calculated,Calculated,,mg/kg,mg/kg,[ppm],,ppm,S-SS.19,L_MODV2_SOIL_SS_001,unsure if this is correct,Need more info from lab,Logan Labs,Logan Labs,
Conductivity,,,,Electrical Conductivity,Electrical Conductivity,,EC 1:2 Ratio,EC 1:2 Ratio,,Conductivity,Conductivity,,dS/m,dS/m,dS/m,,mmho/cm,S-EC-1:2.03,L_MODV2_SOIL_EC_002,,,Logan Labs,Logan Labs,
Carbonate,,,,Carbonate,Carbonate,,Saturated Paste,Saturated Paste,,Titration,Titration,,meq/L,meq/L,meq/L,,,S-CO3-SP.12,L_MODV2_SOIL_CO3_004,"need more info, two saturated paste: titration, calculated",,Logan Labs,Logan Labs,
Salt Concentration,,,,,,,,,,,,,,,,,,,,,Need more info from lab,Logan Labs,Logan Labs,
Sand Fractions,,,,,,,,,,,,,,,,,,,,,Need more info from lab,Logan Labs,Logan Labs,
Aluminium,,,,Aluminum,Aluminum,,Mehlich 3 ICP,Mehlich 3 ICP,,ICP,ICP,,mg/kg,mg/kg,mg/kg,,ppm,S-AL-M3.05,L_MODV2_SOIL_AL_012,,,Logan Labs,Logan Labs,
Sodium Adsorption Ratio,,,,Sodium Adsorption Ratio,Sodium Adsorption Ratio,,Saturated Paste,Saturated Paste,,Calculated,Calculated,,Ratio,Ratio,,,,S-SAR-SP.00,L_MODV2_SOIL_SAR_003,,,Logan Labs,Logan Labs,
Chloride,,,,Chloride,Chloride,,Saturated Paste,Saturated Paste,,ion selective electrode,ion selective electrode,,meq/L,meq/L,meq/L,,,S-CL-SP.02,L_MODV2_SOIL_CL_014,,,Logan Labs,Logan Labs,
Bicarbonate,,,,Bicarbonate,Bicarbonate,,Saturated Paste,Saturated Paste,,Titration,Titration,,meq/L,meq/L,meq/L,,,S-HCO3-SP.12,L_MODV2_SOIL_HCO3_002,"check, two saturated paste: titration, calculated",,Logan Labs,Logan Labs,
% Sand,,,,Sand,Sand,,Sedimentation,Sedimentation,,Hydrometer Method,Hydrometer Method,,%,%,%,,,S-SAND-SED.10,L_MODV2_SOIL_SAND_003,,Need more info from lab,Logan Labs,Logan Labs,
% Clay,,,,Clay,Clay,,Sedimentation,Sedimentation,,Hydrometer Method,Hydrometer Method,,%,%,%,,,S-CLAY-SED.10,L_MODV2_SOIL_CLAY_003,,Need more info from lab,Logan Labs,Logan Labs,
% Silt,,,,Silt,Silt,,Sedimentation,Sedimentation,,Hydrometer Method,Hydrometer Method,,%,%,%,,,S-SILT-SED.10,L_MODV2_SOIL_SILT_003,,Need more info from lab,Logan Labs,Logan Labs,
pH,,,,pH,pH,,1:1 soil:water ,1:1 soil:water ,,H+ ISE,H+ ISE,,standard pH unit,standard pH unit,,,,S-PH-1:1.02.07,L_MODV2_SOIL_PH_005,,,Logan Labs,Logan Labs,
Organic Matter,,,,Organic Matter,Organic Matter,,Loss-on-Ignition ,Loss-on-Ignition ,,Gravimetric,Gravimetric,,%,%,%,,,S-SOM-LOI.15,L_MODV2_SOIL_OM_004,,,Logan Labs,Logan Labs,
Phosphorous,,,,Phosphorus,Phosphorus,,Mehlich 3 ICP,Mehlich 3 ICP,,ICP,ICP,,mg/kg,mg/kg,mg/kg,,ppm,S-P-M3.04,L_MODV2_SOIL_P_033,,,Logan Labs,Logan Labs,
Manganese,,,,Manganese,Manganese,,Mehlich 3 ICP,Mehlich 3 ICP,,"""ICP, AAS""","""ICP, AAS""",,mg/kg,mg/kg,mg/kg,,ppm,S-MN-M3.05,L_MODV2_SOIL_MN_015,,,Logan Labs,Logan Labs,
Copper,,,,Copper,Copper,,Mehlich 3 ICP,Mehlich 3 ICP,,"""ICP, AAS""","""ICP, AAS""",,mg/kg,mg/kg,mg/kg,,ppm,S-CU-M3.05,L_MODV2_SOIL_CU_014,,,Logan Labs,Logan Labs,
Zinc,,,,Zinc,Zinc,,Mehlich 3 ICP,Mehlich 3 ICP,,"""ICP, AAS""","""ICP, AAS""",,mg/kg,mg/kg,mg/kg,,ppm,S-ZN-M3.05,L_MODV2_SOIL_ZN_015,,,Logan Labs,Logan Labs,
Sulfur,,,,Sulfur,Sulfur,,Mehlich 3 ICP,Mehlich 3 ICP,,ICP,ICP,,mg/kg,mg/kg,mg/kg,,ppm,S-S-M3.05,L_MODV2_SOIL_S_026,,,Logan Labs,Logan Labs,
Calcium,,,,Calcium,Calcium,,Mehlich 3 ICP,Mehlich 3 ICP,,"""ICP, AAS""","""ICP, AAS""",,mg/kg,mg/kg,mg/kg,,ppm,S-CA-M3.05,L_MODV2_SOIL_CA_021,,,Logan Labs,Logan Labs,
Magnesium,,,,Magnesium,Magnesium,,Mehlich 3 ICP,Mehlich 3 ICP,,"""ICP, AAS""","""ICP, AAS""",,mg/kg,mg/kg,mg/kg,,ppm,S-MG-M3.05,L_MODV2_SOIL_MG_022,,,Logan Labs,Logan Labs,
Potassium,,,,Potassium,Potassium,,Mehlich 3 ICP,Mehlich 3 ICP,,"""ICP, AAS""","""ICP, AAS""",,mg/kg,mg/kg,mg/kg,,ppm,S-K-M3.05,L_MODV2_SOIL_K_031,,,Logan Labs,Logan Labs,
Sodium,,,,Sodium,Sodium,,Mehlich 3 ICP,Mehlich 3 ICP,,"""ICP, AAS""","""ICP, AAS""",,mg/kg,mg/kg,mg/kg,,ppm,S-NA-M3.05,L_MODV2_SOIL_NA_013,,,Logan Labs,Logan Labs,
Boron,,,,Boron,Boron,,Mehlich 3 ICP,Mehlich 3 ICP,,ICP,ICP,,mg/kg,mg/kg,mg/kg,,ppm,S-B-M3.04,L_MODV2_SOIL_B_017,,,Logan Labs,Logan Labs,
Iron,,,,Iron,Iron,,Mehlich 3 ICP,Mehlich 3 ICP,,"""ICP, AAS""","""ICP, AAS""",,mg/kg,mg/kg,mg/kg,,ppm,S-FE-M3.05,L_MODV2_SOIL_FE_015,,,Logan Labs,Logan Labs,
Mineralizable N (PMN),,,,Potential Mineralizable Nitrogen,Potential Mineralizable Nitrogen,,permanganate mineralizable nitrogen ,permanganate mineralizable nitrogen ,,Spectrophotometric,Spectrophotometric,,mg/kg,mg/kg,mg/kg,,ppm,S-PMN.01.0,L_MODV2_SOIL_POTMN_001,,,MSU - Rabin's Methods,MSU - Rabin's Methods,
Mineralizable C (PMC),,,,,,,,,,,,,,,,,,,,Don't think this exists in modus,Not in MODUS,MSU - Rabin's Methods,MSU - Rabin's Methods,
POX-C,,,,Potential Oxidizable Carbon,Potential Oxidizable Carbon,,permanganate oxidizable carbon ,permanganate oxidizable carbon ,,Spectrophotometric,Spectrophotometric,,mg/kg,mg/kg,mg/kg,,ppm,S-POXC.01.0,L_MODV2_SOIL_POTOXC_001,,,MSU - Rabin's Methods,MSU - Rabin's Methods,
Free particulate organic matter (F-POM),,,,,,,,,,,,,,,,,,,,Don't think this exists in modus,Not in MODUS,MSU - Rabin's Methods,MSU - Rabin's Methods,
Protected POM (P-POM),,,,,,,,,,,,,,,,,,,,Don't think this exists in modus,Not in MODUS,MSU - Rabin's Methods,MSU - Rabin's Methods,
F-POM N,,,,,,,,,,,,,,,,,,,,Don't think this exists in modus,Not in MODUS,MSU - Rabin's Methods,MSU - Rabin's Methods,
P-POM N,,,,,,,,,,,,,,,,,,,,Don't think this exists in modus,Not in MODUS,MSU - Rabin's Methods,MSU - Rabin's Methods,
Inorganic N (nitrate + ammonium),,,,Ammonium-Nitrogen,Ammonium-Nitrogen,,2 M KCl,2 M KCl,,Spectrophotometric,Spectrophotometric,,mg/kg,mg/kg,mg/kg,,ppm,S-NH4N-2KCL.01,L_MODV2_SOIL_NH4N_008,Don't think this exists in modus,Not in MODUS,MSU - Rabin's Methods,MSU - Rabin's Methods,
pH,,,,pH,pH,,1:1 soil:water ,1:1 soil:water ,,H+ ISE,H+ ISE,,standard pH unit,standard pH unit,,,,S-PH-1:1.02.07,L_MODV2_SOIL_PH_005,need more info from Rabin,Need more info from lab,MSU - Rabin's Methods,MSU - Rabin's Methods,
Bray-1 P,,,,Phosphorus,Phosphorus,,Bray P1 (1:10),Bray P1 (1:10),,Spectrophotometric,Spectrophotometric,,mg/kg,mg/kg,mg/kg,,ppm,S-P-B1-1:10.01.03,L_MODV2_SOIL_P_004,,,MSU - Rabin's Methods,MSU - Rabin's Methods,
K,,,,Potassium,Potassium,,Mehlich 3 ICP,Mehlich 3 ICP,,"""ICP, AAS""","""ICP, AAS""",,mg/kg,mg/kg,mg/kg,,ppm,S-K-M3.05,L_MODV2_SOIL_K_031,need more info from Rabin,Need more info from lab,MSU - Rabin's Methods,MSU - Rabin's Methods,
Ma,,,,Magnesium,Magnesium,,Mehlich 3 ICP,Mehlich 3 ICP,,"""ICP, AAS""","""ICP, AAS""",,mg/kg,mg/kg,mg/kg,,ppm,S-MG-M3.05,L_MODV2_SOIL_MG_022,need more info from Rabin,Need more info from lab,MSU - Rabin's Methods,MSU - Rabin's Methods,
Ca,,,,Calcium,Calcium,,Mehlich 3 ICP,Mehlich 3 ICP,,"""ICP, AAS""","""ICP, AAS""",,mg/kg,mg/kg,mg/kg,,ppm,S-CA-M3.05,L_MODV2_SOIL_CA_021,need more info from Rabin,Need more info from lab,MSU - Rabin's Methods,MSU - Rabin's Methods,
Cation exchange capacity (CEC),,,,Cation Exchange Capacity,Cation Exchange Capacity,,Alcohol Prewash/Ammonium Acetate,Alcohol Prewash/Ammonium Acetate,,Calculated,Calculated,,cmol/kg,cmol/kg,cmol/kg,,meq/100g,S-CEC.19,L_MODV2_SOIL_CEC_008,need more info from Rabin,Need more info from lab,MSU - Rabin's Methods,MSU - Rabin's Methods,
Total N,,,,"""Nitrogen, Total""","""Nitrogen, Total""",,Combustion Analyzer,Combustion Analyzer,,Combustion Analyzer,Combustion Analyzer,,%,%,%,,,S-TN.16,L_MODV2_SOIL_TN_002,need more info from Rabin,Need more info from lab,MSU - Rabin's Methods,MSU - Rabin's Methods,
Soil organic matter (SOM),,,,Organic Matter,Organic Matter,,Walkley-Black ,Walkley-Black ,,Spectrophotometric,Spectrophotometric,,%,%,%,,,S-SOM-WB.01.09,L_MODV2_SOIL_OM_005,need more info from Rabin,Need more info from lab,MSU - Rabin's Methods,MSU - Rabin's Methods,
Bulk density,,,,Bulk Density,Bulk Density,,Core,Core,,Weight,Weight,,g/cm3,g/cm3,g/cm3,,,S-BD-Core.00,L_MODV2_SOIL_BD_003,need more info from Rabin,Need more info from lab,MSU - Rabin's Methods,MSU - Rabin's Methods,
Sand,,,,Sand,Sand,,Sedimentation,Sedimentation,,Pipette Method,Pipette Method,,%,%,%,,,S-SAND-SED.11,L_MODV2_SOIL_SAND_004,need more info from Rabin,Need more info from lab,MSU - Rabin's Methods,MSU - Rabin's Methods,
Silt,,,,Silt,Silt,,Sedimentation,Sedimentation,,Pipette Method,Pipette Method,,%,%,%,,,S-SILT-SED.11,L_MODV2_SOIL_SILT_004,need more info from Rabin,Need more info from lab,MSU - Rabin's Methods,MSU - Rabin's Methods,
Clay,,,,Clay,Clay,,Sedimentation,Sedimentation,,Pipette Method,Pipette Method,,%,%,%,,,S-CLAY-SED.11,L_MODV2_SOIL_CLAY_004,need more info from Rabin,Need more info from lab,MSU - Rabin's Methods,MSU - Rabin's Methods,
(Alfalfa) P,,,,,,,,,,,,,,,,,,,,,Need more info from lab,"""Northwood, ND""","Northwood, ND",
CEC,,,,,,,,,,,,,,,,,,,,,Need more info from lab,"""Northwood, ND""","Northwood, ND",
Total Cu,,,,,,,,,,,,,,,,,,,,,Need more info from lab,"""Northwood, ND""","Northwood, ND",
SO4,,,,,,,,,,,,,,,,,,,,,Need more info from lab,"""Northwood, ND""","Northwood, ND",
Eff,,,,,,,,,,,,,,,,,,,,,Need more info from lab,"""Northwood, ND""","Northwood, ND",
CEC – Cation Exchange Capacity,,,,,,,,,,,,,,,,,,,,,Need more info from lab,"""Northwood, ND""","Northwood, ND",
Total Nitrogen,,,,,,,,,,,,,,,,,,,,,Need more info from lab,"""Northwood, ND""","Northwood, ND",
SMP Buffer pH – Lime Requirement,,,,,,,,,,,,,,,,,,,,,Need more info from lab,"""Northwood, ND""","Northwood, ND",
Soluble Salts,,,,,,,,,,,,,,,,,,,,,Need more info from lab,"""Northwood, ND""","Northwood, ND",
Na – Gypsum Requirement,,,,,,,,,,,,,,,,,,,,,Need more info from lab,"""Northwood, ND""","Northwood, ND",
Soil Texture Analysis,,,,,,,,,,,,,,,,,,,,,Need more info from lab,"""Northwood, ND""","Northwood, ND",
Hydrometer Method,,,,,,,,,,,,,,,,,,,,,Need more info from lab,"""Northwood, ND""","Northwood, ND",
Chloride Analysis,,,,,,,,,,,,,,,,,,,,,Need more info from lab,"""Northwood, ND""","Northwood, ND",
Electrical Conductivity of Saturation Extract,,,,,,,,,,,,,,,,,,,,,Need more info from lab,"""Northwood, ND""","Northwood, ND",
Sodiuim Adsorption Ratio of Saturation Extract (SAR),,,,,,,,,,,,,,,,,,,,,Need more info from lab,"""Northwood, ND""","Northwood, ND",
CaCO3 Equivalency (Calcium Carbonate),,,,,,,,,,,,,,,,,,,,,Need more info from lab,"""Northwood, ND""","Northwood, ND",
Nematode Analysis (with identification),,,,,,,,,,,,,,,,,,,,,Need more info from lab,"""Northwood, ND""","Northwood, ND",
Nematode Analysis (without identification),,,,,,,,,,,,,,,,,,,,,Need more info from lab,"""Northwood, ND""","Northwood, ND",
Soil Saturtion Paste,,,,,,,,,,,,,,,,,,,,,Need more info from lab,"""Northwood, ND""","Northwood, ND",
Mn,,,,,,,,,,,,,,,,,,,,,Need more info from lab,"""Northwood, ND""","Northwood, ND",
Cu,,,,,,,,,,,,,,,,,,,,,Need more info from lab,"""Northwood, ND""","Northwood, ND",
Fe,,,,,,,,,,,,,,,,,,,,,Need more info from lab,"""Northwood, ND""","Northwood, ND",
Ca,,,,,,,,,,,,,,,,,,,,,Need more info from lab,"""Northwood, ND""","Northwood, ND",
Mg,,,,,,,,,,,,,,,,,,,,,Need more info from lab,"""Northwood, ND""","Northwood, ND",
Na,,,,,,,,,,,,,,,,,,,,,Need more info from lab,"""Northwood, ND""","Northwood, ND",
SS,,,,,,,,,,,,,,,,,,,,,Need more info from lab,"""Northwood, ND""","Northwood, ND",
H2O,,,,,,,,,,,,,,,,,,,,,Need more info from lab,"""Northwood, ND""","Northwood, ND",
B,,,,,,,,,,,,,,,,,,,,,Need more info from lab,"""Northwood, ND""","Northwood, ND",
Zn,,,,,,,,,,,,,,,,,,,,,Need more info from lab,"""Northwood, ND""","Northwood, ND",
OM,,,,,,,,,,,,,,,,,,,,,Need more info from lab,"""Northwood, ND""","Northwood, ND",
P,,,,,,,,,,,,,,,,,,,,,Need more info from lab,"""Northwood, ND""","Northwood, ND",
NH4,,,,,,,,,,,,,,,,,,,,,Need more info from lab,"""Northwood, ND""","Northwood, ND",
S,,,,,,,,,,,,,,,,,,,,,Need more info from lab,"""Northwood, ND""","Northwood, ND",
K,,,,,,,,,,,,,,,,,,,,,Need more info from lab,"""Northwood, ND""","Northwood, ND",
pH,,,,,,,,,,,,,,,,,,,,,Need more info from lab,"""Northwood, ND""","Northwood, ND",
NO3,,,,,,,,,,,,,,,,,,,,,Need more info from lab,"""Northwood, ND""","Northwood, ND",
Bulk Density,,,,,,,,,,,,,,,,,,,,Disturbed Soil,Need more info from lab,"""Northwood, ND""","Northwood, ND",
Coarse Fragments,,,,,,,,,,,,,,,,,,,,>2mm,Need more info from lab,"""Northwood, ND""","Northwood, ND",
Water extractable organic carbon,,,,,,,,,,,,,,,,,,,,,,Regen Ag,Regen Ag,
Organic nitrogen,,,,,,,,,,,,,,,,,,,,,,Regen Ag,Regen Ag,
H3A Phosphorus organic,,,,,,,,,,,,,,,,,,,,,,Regen Ag,Regen Ag,
H3A Phosphorus inorganic,,,,,,,,,,,,,,,,,,,,,,Regen Ag,Regen Ag,
H3A Phosphorus total,,,,,,,,,,,,,,,,,,,,,,Regen Ag,Regen Ag,
buffer pH,,,,,,,,,,,,,,,,,,,,,Need more info from lab,Ward Labs,Ward Labs,
Sum of cations (CEC),,,,,,,,,,,,,,,,,,,,,Need more info from lab,Ward Labs,Ward Labs,
base saturation %,,,,Base Saturation,Base Saturation,,EPA 3050 Digestion Acid Recoverable,EPA 3050 Digestion Acid Recoverable,,Calculated,Calculated,,%,%,%,,,S-BS.19,L_MODV2_SOIL_BS_001,unsure if this is correct,Need more info from lab,Ward Labs,Ward Labs,
Phosphorous,,,,Phosphorus,Phosphorus,,H3A-1 Extractant,H3A-1 Extractant,,ICP,ICP,,mg/kg,mg/kg,mg/kg,,ppm,S-P-H3A1.01.04,L_MODV2_SOIL_P_020,,,Ward Labs,Ward Labs,
sodium,,,,Sodium,Sodium,,H3A-1 Extractant,H3A-1 Extractant,,ICP,ICP,,mg/kg,mg/kg,mg/kg,,ppm,S-NA-H3A1.01.04,L_MODV2_SOIL_NA_009,,,Ward Labs,Ward Labs,
total bacteria gram (+),,,,,,,,,,,,,,,,,,,,Don't think this exists in modus,Not in MODUS,Ward Labs,Ward Labs,
total bacteria gram (-),,,,,,,,,,,,,,,,,,,,Don't think this exists in modus,Not in MODUS,Ward Labs,Ward Labs,
Total fungi ?,,,,,,,,,,,,,,,,,,,,Don't think this exists in modus,Not in MODUS,Ward Labs,Ward Labs,
Undifferentiated microorganisms,,,,,,,,,,,,,,,,,,,,Don't think this exists in modus,Not in MODUS,Ward Labs,Ward Labs,
extract - ammonium-nitrogen,,,,Ammonium-Nitrogen,Ammonium-Nitrogen,,H3A-1 Extractant,H3A-1 Extractant,,Spectrophotometric,Spectrophotometric,,mg/kg,mg/kg,mg/kg,,ppm,S-NH4-H3A1.01.05,L_MODV2_SOIL_NH4N_003,,,Ward Labs,Ward Labs,
extract - inorganic nitrogen,,,,"""Nitrogen, Total""","""Nitrogen, Total""",,Combustion Analyzer,Combustion Analyzer,,Combustion Analyzer,Combustion Analyzer,,%,%,%,,,S-TN.16,L_MODV2_SOIL_TN_002,,,Ward Labs,Ward Labs,
extract - total phosphorous,,,,,,,,,,,,,,,,,,,,need more info,Need more info from lab,Ward Labs,Ward Labs,
extract - inorganic phosphorous,,,,,,,,,,,,,,,,,,,,need more info,Need more info from lab,Ward Labs,Ward Labs,
extract - organic phosphorous,,,,,,,,,,,,,,,,,,,,need more info,Need more info from lab,Ward Labs,Ward Labs,
Soil Respiration,,,,CO2 Respiration,CO2 Respiration,,CO2 Respiration,CO2 Respiration,,Solvita 24 Respiration,Solvita 24 Respiration,,%,%,%,,,S-CO2-RESP.01,L_MODV2_SOIL_CO2RESP_001,,,Ward Labs,Ward Labs,
Aluminium,,,,,,,,,,,,,,,,,,,,need more info,Need more info from lab,Ward Labs,Ward Labs,
Excess Lime Rating,,,,,,,,,,,,,,,,,,,,Don't think this exists in modus,Not in MODUS,Ward Labs,Ward Labs,
H2O extract - ammonium-nitrogen ,,,,Ammonium-Nitrogen,Ammonium-Nitrogen,,1:1 Water Extraction,1:1 Water Extraction,,Spectrophotometric,Spectrophotometric,,mg/kg,mg/kg,mg/kg,,ppm,S-NH4N-W1:1.01,L_MODV2_SOIL_NH4N_002,,,Ward Labs,Ward Labs,
H2O extract - nitrate-nitrogen,,,,Nitrate-Nitrogen,Nitrate-Nitrogen,,1:1 Water Extraction,1:1 Water Extraction,,Cd Red/Spectrophotometric,Cd Red/Spectrophotometric,,meq/L,meq/L,meq/L,,,S-NO3-W1:1.01.01,L_MODV2_SOIL_NO3N_005,unsure if this is correct,Need more info from lab,Ward Labs,Ward Labs,
H2O extract - total nitrogen,,,,"""Nitrogen, Total""","""Nitrogen, Total""",,Water Extraction,Water Extraction,,Spectrophotometric,Spectrophotometric,,,,[ppm],,,S-TN-W.01,L_MODV2_SOIL_TN_003,,,Ward Labs,Ward Labs,
H2O extract - total organic carbon,,,,"""Organic Carbon, Total""","""Organic Carbon, Total""",,Combustion Analyzer,Combustion Analyzer,,Combustion Analyzer,Combustion Analyzer,,%,%,%,,,S-TOC.16,L_MODV2_SOIL_OC_001,,,Ward Labs,Ward Labs,
H2O extract - total organic nitrogen,,,,,,,,,,,,,,,,,,,,need more info,Need more info from lab,Ward Labs,Ward Labs,
H2O extract - H3A,,,,,,,,,,,,,,,,,,,,need more info,Need more info from lab,Ward Labs,Ward Labs,
pH,,,,pH,pH,,1:1 soil:water ,1:1 soil:water ,,H+ ISE,H+ ISE,,standard pH unit,standard pH unit,,,,S-PH-1:1.02.07,L_MODV2_SOIL_PH_005,,,Ward Labs,Ward Labs,
soluble salts,,,,Soluble Salts,Soluble Salts,,5:1 Water Extraction,5:1 Water Extraction,,Calculated,Calculated,,mg/kg,mg/kg,[ppm],,ppm,S-SS.19,L_MODV2_SOIL_SS_001,unsure if this is correct,Need more info from lab,Ward Labs,Ward Labs,
organic matter,,,,Organic Matter,Organic Matter,,Loss-on-Ignition ,Loss-on-Ignition ,,Gravimetric,Gravimetric,,%,%,%,,,S-SOM-LOI.15,L_MODV2_SOIL_OM_004,,,Ward Labs,Ward Labs,
nitrate-nitrogen,,,,Nitrate-Nitrogen,Nitrate-Nitrogen,,H3A-1 Extractant,H3A-1 Extractant,,Spectrophotometric,Spectrophotometric,,mg/kg,mg/kg,mg/kg,,ppm,S-NO3-H3A1.01.05,L_MODV2_SOIL_NO3N_008,,,Ward Labs,Ward Labs,
Potassium,,,,Potassium,Potassium,,H3A-1 Extractant,H3A-1 Extractant,,ICP,ICP,,mg/kg,mg/kg,mg/kg,,ppm,S-K-H3A1.01.04,L_MODV2_SOIL_K_019,,,Ward Labs,Ward Labs,
Calcium,,,,Calcium,Calcium,,Mehlich 3 ICP,Mehlich 3 ICP,,"""ICP, AAS""","""ICP, AAS""",,mg/kg,mg/kg,mg/kg,,ppm,S-CA-M3.05,L_MODV2_SOIL_CA_021,waiting for confirmation,Need more info from lab,Ward Labs,Ward Labs,
Magnesium,,,,Magnesium,Magnesium,,H3A-1 Extractant,H3A-1 Extractant,,ICP,ICP,,mg/kg,mg/kg,mg/kg,,ppm,S-MG-H3A1.01.04,L_MODV2_SOIL_MG_015,,,Ward Labs,Ward Labs,
sulfur,,,,Sulfur,Sulfur,,H3A-1 Extractant,H3A-1 Extractant,,ICP,ICP,,"kg/ha,mg/kg","kg/ha, mg/kg",[ppm],,"lb/ac, ppm",S-S-H3A.04,"L_MODV2_SOIL_S_020,L_MODV2_SOIL_S_021",,,Ward Labs,Ward Labs,
zinc,,,,Zinc,Zinc,,H3A-1 Extractant,H3A-1 Extractant,,ICP,ICP,,mg/kg,mg/kg,mg/kg,,ppm,S-ZN-H3A1.01.04,L_MODV2_SOIL_ZN_008,,,Ward Labs,Ward Labs,
iron,,,,Iron,Iron,,H3A-1 Extractant,H3A-1 Extractant,,ICP,ICP,,mg/kg,mg/kg,[ppm],,ppm,S-FE-H3A.04,L_MODV2_SOIL_FE_010,,,Ward Labs,Ward Labs,
Manganese,,,,Manganese,Manganese,,Mehlich 3 ICP,Mehlich 3 ICP,,"""ICP, AAS""","""ICP, AAS""",,mg/kg,mg/kg,mg/kg,,ppm,S-MN-M3.05,L_MODV2_SOIL_MN_015,waiting for confirmation,Need more info from lab,Ward Labs,Ward Labs,
Copper,,,,Copper,Copper,,H3A-1 Extractant,H3A-1 Extractant,,ICP,ICP,,mg/kg,mg/kg,mg/kg,,ppm,S-CU-H3A1.01.04,L_MODV2_SOIL_CU_009,,,Ward Labs,Ward Labs,